Copyright 1986-2017 Xilinx, Inc. All Rights Reserved.
---------------------------------------------------------------------------------------------------------------------------------------------------------
| Tool Version : Vivado v.2017.1 (lin64) Build 1846317 Fri Apr 14 18:54:47 MDT 2017
| Date         : Sun Jul 16 03:16:39 2017
| Host         : bogdan-arch running 64-bit unknown
| Command      : report_timing_summary -warn_on_violation -max_paths 10 -file TopLevel_timing_summary_routed.rpt -rpx TopLevel_timing_summary_routed.rpx
| Design       : TopLevel
| Device       : 7a100t-csg324
| Speed File   : -1  PRODUCTION 1.16 2016-11-09
---------------------------------------------------------------------------------------------------------------------------------------------------------

Timing Summary Report

------------------------------------------------------------------------------------------------
| Timer Settings
| --------------
------------------------------------------------------------------------------------------------

  Enable Multi Corner Analysis               :  Yes
  Enable Pessimism Removal                   :  Yes
  Pessimism Removal Resolution               :  Nearest Common Node
  Enable Input Delay Default Clock           :  No
  Enable Preset / Clear Arcs                 :  No
  Disable Flight Delays                      :  No
  Ignore I/O Paths                           :  No
  Timing Early Launch at Borrowing Latches   :  false

  Corner  Analyze    Analyze    
  Name    Max Paths  Min Paths  
  ------  ---------  ---------  
  Slow    Yes        Yes        
  Fast    Yes        Yes        



check_timing report

Table of Contents
-----------------
1. checking no_clock
2. checking constant_clock
3. checking pulse_width_clock
4. checking unconstrained_internal_endpoints
5. checking no_input_delay
6. checking no_output_delay
7. checking multiple_clock
8. checking generated_clocks
9. checking loops
10. checking partial_input_delay
11. checking partial_output_delay
12. checking latch_loops

1. checking no_clock
--------------------
 There are 0 register/latch pins with no clock.


2. checking constant_clock
--------------------------
 There are 0 register/latch pins with constant_clock.


3. checking pulse_width_clock
-----------------------------
 There are 0 register/latch pins which need pulse_width check


4. checking unconstrained_internal_endpoints
--------------------------------------------
 There are 0 pins that are not constrained for maximum delay.

 There are 0 pins that are not constrained for maximum delay due to constant clock.


5. checking no_input_delay
--------------------------
 There is 1 input port with no input delay specified. (HIGH)

 There are 0 input ports with no input delay but user has a false path constraint.


6. checking no_output_delay
---------------------------
 There are 16 ports with no output delay specified. (HIGH)

 There are 0 ports with no output delay but user has a false path constraint

 There are 0 ports with no output delay but with a timing clock defined on it or propagating through it


7. checking multiple_clock
--------------------------
 There are 0 register/latch pins with multiple clocks.


8. checking generated_clocks
----------------------------
 There are 0 generated clocks that are not connected to a clock source.


9. checking loops
-----------------
 There are 0 combinational loops in the design.


10. checking partial_input_delay
--------------------------------
 There are 0 input ports with partial input delay specified.


11. checking partial_output_delay
---------------------------------
 There are 0 ports with partial output delay specified.


12. checking latch_loops
------------------------
 There are 0 combinational latch loops in the design through latch input



------------------------------------------------------------------------------------------------
| Design Timing Summary
| ---------------------
------------------------------------------------------------------------------------------------

    WNS(ns)      TNS(ns)  TNS Failing Endpoints  TNS Total Endpoints      WHS(ns)      THS(ns)  THS Failing Endpoints  THS Total Endpoints     WPWS(ns)     TPWS(ns)  TPWS Failing Endpoints  TPWS Total Endpoints  
    -------      -------  ---------------------  -------------------      -------      -------  ---------------------  -------------------     --------     --------  ----------------------  --------------------  
      0.267        0.000                      0                 3753        0.140        0.000                      0                 3753        4.500        0.000                       0                  1059  


All user specified timing constraints are met.


------------------------------------------------------------------------------------------------
| Clock Summary
| -------------
------------------------------------------------------------------------------------------------

Clock        Waveform(ns)       Period(ns)      Frequency(MHz)
-----        ------------       ----------      --------------
sys_clk_pin  {0.000 5.000}      10.000          100.000         


------------------------------------------------------------------------------------------------
| Intra Clock Table
| -----------------
------------------------------------------------------------------------------------------------

Clock             WNS(ns)      TNS(ns)  TNS Failing Endpoints  TNS Total Endpoints      WHS(ns)      THS(ns)  THS Failing Endpoints  THS Total Endpoints     WPWS(ns)     TPWS(ns)  TPWS Failing Endpoints  TPWS Total Endpoints  
-----             -------      -------  ---------------------  -------------------      -------      -------  ---------------------  -------------------     --------     --------  ----------------------  --------------------  
sys_clk_pin         0.267        0.000                      0                 3753        0.140        0.000                      0                 3753        4.500        0.000                       0                  1059  


------------------------------------------------------------------------------------------------
| Inter Clock Table
| -----------------
------------------------------------------------------------------------------------------------

From Clock    To Clock          WNS(ns)      TNS(ns)  TNS Failing Endpoints  TNS Total Endpoints      WHS(ns)      THS(ns)  THS Failing Endpoints  THS Total Endpoints  
----------    --------          -------      -------  ---------------------  -------------------      -------      -------  ---------------------  -------------------  


------------------------------------------------------------------------------------------------
| Other Path Groups Table
| -----------------------
------------------------------------------------------------------------------------------------

Path Group    From Clock    To Clock          WNS(ns)      TNS(ns)  TNS Failing Endpoints  TNS Total Endpoints      WHS(ns)      THS(ns)  THS Failing Endpoints  THS Total Endpoints  
----------    ----------    --------          -------      -------  ---------------------  -------------------      -------      -------  ---------------------  -------------------  


------------------------------------------------------------------------------------------------
| Timing Details
| --------------
------------------------------------------------------------------------------------------------


---------------------------------------------------------------------------------------------------
From Clock:  sys_clk_pin
  To Clock:  sys_clk_pin

Setup :            0  Failing Endpoints,  Worst Slack        0.267ns,  Total Violation        0.000ns
Hold  :            0  Failing Endpoints,  Worst Slack        0.140ns,  Total Violation        0.000ns
PW    :            0  Failing Endpoints,  Worst Slack        4.500ns,  Total Violation        0.000ns
---------------------------------------------------------------------------------------------------


Max Delay Paths
--------------------------------------------------------------------------------------
Slack (MET) :             0.267ns  (required time - arrival time)
  Source:                 DEREF1/word_reg_reg[11]/C
                            (rising edge-triggered cell FDRE clocked by sys_clk_pin  {rise@0.000ns fall@5.000ns period=10.000ns})
  Destination:            HEAPSTACK/BRAM_reg_1_14/ADDRARDADDR[7]
                            (rising edge-triggered cell RAMB36E1 clocked by sys_clk_pin  {rise@0.000ns fall@5.000ns period=10.000ns})
  Path Group:             sys_clk_pin
  Path Type:              Setup (Max at Slow Process Corner)
  Requirement:            10.000ns  (sys_clk_pin rise@10.000ns - sys_clk_pin rise@0.000ns)
  Data Path Delay:        8.706ns  (logic 2.051ns (23.558%)  route 6.655ns (76.442%))
  Logic Levels:           8  (CARRY4=2 LUT4=1 LUT6=4 MUXF7=1)
  Clock Path Skew:        -0.251ns (DCD - SCD + CPR)
    Destination Clock Delay (DCD):    4.974ns = ( 14.974 - 10.000 ) 
    Source Clock Delay      (SCD):    5.412ns
    Clock Pessimism Removal (CPR):    0.187ns
  Clock Uncertainty:      0.035ns  ((TSJ^2 + TIJ^2)^1/2 + DJ) / 2 + PE
    Total System Jitter     (TSJ):    0.071ns
    Total Input Jitter      (TIJ):    0.000ns
    Discrete Jitter          (DJ):    0.000ns
    Phase Error              (PE):    0.000ns

    Location             Delay type                Incr(ns)  Path(ns)    Netlist Resource(s)
  -------------------------------------------------------------------    -------------------
                         (clock sys_clk_pin rise edge)
                                                      0.000     0.000 r  
    E3                                                0.000     0.000 r  clk (IN)
                         net (fo=0)                   0.000     0.000    clk
    E3                   IBUF (Prop_ibuf_I_O)         1.482     1.482 r  clk_IBUF_inst/O
                         net (fo=1, routed)           2.025     3.506    clk_IBUF
    BUFGCTRL_X0Y16       BUFG (Prop_bufg_I_O)         0.096     3.602 r  clk_IBUF_BUFG_inst/O
                         net (fo=1058, routed)        1.809     5.412    DEREF1/clk_IBUF_BUFG
    SLICE_X23Y17         FDRE                                         r  DEREF1/word_reg_reg[11]/C
  -------------------------------------------------------------------    -------------------
    SLICE_X23Y17         FDRE (Prop_fdre_C_Q)         0.456     5.868 r  DEREF1/word_reg_reg[11]/Q
                         net (fo=23, routed)          1.363     7.230    DEREF2/word_reg_reg[17]_0[11]
    SLICE_X25Y19         LUT6 (Prop_lut6_I1_O)        0.124     7.354 r  DEREF2/word1_reg[17]_i_8/O
                         net (fo=1, routed)           0.000     7.354    DEREF2/word1_reg[17]_i_8_n_0
    SLICE_X25Y19         CARRY4 (Prop_carry4_S[3]_CO[3])
                                                      0.401     7.755 r  DEREF2/word1_reg_reg[17]_i_5/CO[3]
                         net (fo=1, routed)           0.000     7.755    DEREF2/word1_reg_reg[17]_i_5_n_0
    SLICE_X25Y20         CARRY4 (Prop_carry4_CI_CO[1])
                                                      0.157     7.912 f  DEREF2/word1_reg_reg[17]_i_3/CO[1]
                         net (fo=26, routed)          0.434     8.346    DEREF2/word1_reg_reg[17][0]
    SLICE_X25Y21         LUT4 (Prop_lut4_I1_O)        0.329     8.675 r  DEREF2/BRAM_reg_0_16_i_44/O
                         net (fo=68, routed)          0.836     9.511    UNIFYU/unify_mem_sel[0]
    SLICE_X33Y29         LUT6 (Prop_lut6_I2_O)        0.124     9.635 r  UNIFYU/BRAM_reg_0_0_i_431/O
                         net (fo=1, routed)           0.433    10.068    DFC/FSM_onehot_cr_state_reg[2]_34
    SLICE_X34Y29         LUT6 (Prop_lut6_I0_O)        0.124    10.192 r  DFC/BRAM_reg_0_0_i_213/O
                         net (fo=1, routed)           1.078    11.271    DFC/BRAM_reg_0_0_i_213_n_0
    SLICE_X39Y25         LUT6 (Prop_lut6_I5_O)        0.124    11.395 r  DFC/BRAM_reg_0_0_i_59/O
                         net (fo=1, routed)           0.000    11.395    DFC/BRAM_reg_0_0_i_59_n_0
    SLICE_X39Y25         MUXF7 (Prop_muxf7_I0_O)      0.212    11.607 r  DFC/BRAM_reg_0_0_i_11/O
                         net (fo=36, routed)          2.511    14.118    HEAPSTACK/ADDRARDADDR[7]
    RAMB36_X0Y14         RAMB36E1                                     r  HEAPSTACK/BRAM_reg_1_14/ADDRARDADDR[7]
  -------------------------------------------------------------------    -------------------

                         (clock sys_clk_pin rise edge)
                                                     10.000    10.000 r  
    E3                                                0.000    10.000 r  clk (IN)
                         net (fo=0)                   0.000    10.000    clk
    E3                   IBUF (Prop_ibuf_I_O)         1.411    11.411 r  clk_IBUF_inst/O
                         net (fo=1, routed)           1.920    13.331    clk_IBUF
    BUFGCTRL_X0Y16       BUFG (Prop_bufg_I_O)         0.091    13.422 r  clk_IBUF_BUFG_inst/O
                         net (fo=1058, routed)        1.552    14.974    HEAPSTACK/clk_IBUF_BUFG
    RAMB36_X0Y14         RAMB36E1                                     r  HEAPSTACK/BRAM_reg_1_14/CLKARDCLK
                         clock pessimism              0.187    15.161    
                         clock uncertainty           -0.035    15.126    
    RAMB36_X0Y14         RAMB36E1 (Setup_ramb36e1_CLKARDCLK_ADDRARDADDR[7])
                                                     -0.741    14.385    HEAPSTACK/BRAM_reg_1_14
  -------------------------------------------------------------------
                         required time                         14.385    
                         arrival time                         -14.118    
  -------------------------------------------------------------------
                         slack                                  0.267    

Slack (MET) :             0.283ns  (required time - arrival time)
  Source:                 DEREF1/word_reg_reg[11]/C
                            (rising edge-triggered cell FDRE clocked by sys_clk_pin  {rise@0.000ns fall@5.000ns period=10.000ns})
  Destination:            HEAPSTACK/BRAM_reg_0_14/ADDRARDADDR[9]
                            (rising edge-triggered cell RAMB36E1 clocked by sys_clk_pin  {rise@0.000ns fall@5.000ns period=10.000ns})
  Path Group:             sys_clk_pin
  Path Type:              Setup (Max at Slow Process Corner)
  Requirement:            10.000ns  (sys_clk_pin rise@10.000ns - sys_clk_pin rise@0.000ns)
  Data Path Delay:        8.695ns  (logic 2.051ns (23.589%)  route 6.644ns (76.411%))
  Logic Levels:           8  (CARRY4=2 LUT4=1 LUT6=4 MUXF7=1)
  Clock Path Skew:        -0.246ns (DCD - SCD + CPR)
    Destination Clock Delay (DCD):    4.979ns = ( 14.979 - 10.000 ) 
    Source Clock Delay      (SCD):    5.412ns
    Clock Pessimism Removal (CPR):    0.187ns
  Clock Uncertainty:      0.035ns  ((TSJ^2 + TIJ^2)^1/2 + DJ) / 2 + PE
    Total System Jitter     (TSJ):    0.071ns
    Total Input Jitter      (TIJ):    0.000ns
    Discrete Jitter          (DJ):    0.000ns
    Phase Error              (PE):    0.000ns

    Location             Delay type                Incr(ns)  Path(ns)    Netlist Resource(s)
  -------------------------------------------------------------------    -------------------
                         (clock sys_clk_pin rise edge)
                                                      0.000     0.000 r  
    E3                                                0.000     0.000 r  clk (IN)
                         net (fo=0)                   0.000     0.000    clk
    E3                   IBUF (Prop_ibuf_I_O)         1.482     1.482 r  clk_IBUF_inst/O
                         net (fo=1, routed)           2.025     3.506    clk_IBUF
    BUFGCTRL_X0Y16       BUFG (Prop_bufg_I_O)         0.096     3.602 r  clk_IBUF_BUFG_inst/O
                         net (fo=1058, routed)        1.809     5.412    DEREF1/clk_IBUF_BUFG
    SLICE_X23Y17         FDRE                                         r  DEREF1/word_reg_reg[11]/C
  -------------------------------------------------------------------    -------------------
    SLICE_X23Y17         FDRE (Prop_fdre_C_Q)         0.456     5.868 r  DEREF1/word_reg_reg[11]/Q
                         net (fo=23, routed)          1.363     7.230    DEREF2/word_reg_reg[17]_0[11]
    SLICE_X25Y19         LUT6 (Prop_lut6_I1_O)        0.124     7.354 r  DEREF2/word1_reg[17]_i_8/O
                         net (fo=1, routed)           0.000     7.354    DEREF2/word1_reg[17]_i_8_n_0
    SLICE_X25Y19         CARRY4 (Prop_carry4_S[3]_CO[3])
                                                      0.401     7.755 r  DEREF2/word1_reg_reg[17]_i_5/CO[3]
                         net (fo=1, routed)           0.000     7.755    DEREF2/word1_reg_reg[17]_i_5_n_0
    SLICE_X25Y20         CARRY4 (Prop_carry4_CI_CO[1])
                                                      0.157     7.912 f  DEREF2/word1_reg_reg[17]_i_3/CO[1]
                         net (fo=26, routed)          0.434     8.346    DEREF2/word1_reg_reg[17][0]
    SLICE_X25Y21         LUT4 (Prop_lut4_I1_O)        0.329     8.675 r  DEREF2/BRAM_reg_0_16_i_44/O
                         net (fo=68, routed)          0.952     9.627    UNIFYU/unify_mem_sel[0]
    SLICE_X33Y29         LUT6 (Prop_lut6_I2_O)        0.124     9.751 r  UNIFYU/BRAM_reg_0_0_i_420/O
                         net (fo=1, routed)           0.433    10.184    DFC/FSM_onehot_cr_state_reg[2]_30
    SLICE_X33Y29         LUT6 (Prop_lut6_I0_O)        0.124    10.308 r  DFC/BRAM_reg_0_0_i_203/O
                         net (fo=1, routed)           0.820    11.129    DFC/BRAM_reg_0_0_i_203_n_0
    SLICE_X40Y27         LUT6 (Prop_lut6_I5_O)        0.124    11.253 r  DFC/BRAM_reg_0_0_i_55/O
                         net (fo=1, routed)           0.000    11.253    DFC/BRAM_reg_0_0_i_55_n_0
    SLICE_X40Y27         MUXF7 (Prop_muxf7_I0_O)      0.212    11.465 r  DFC/BRAM_reg_0_0_i_9/O
                         net (fo=36, routed)          2.642    14.106    HEAPSTACK/ADDRARDADDR[9]
    RAMB36_X0Y13         RAMB36E1                                     r  HEAPSTACK/BRAM_reg_0_14/ADDRARDADDR[9]
  -------------------------------------------------------------------    -------------------

                         (clock sys_clk_pin rise edge)
                                                     10.000    10.000 r  
    E3                                                0.000    10.000 r  clk (IN)
                         net (fo=0)                   0.000    10.000    clk
    E3                   IBUF (Prop_ibuf_I_O)         1.411    11.411 r  clk_IBUF_inst/O
                         net (fo=1, routed)           1.920    13.331    clk_IBUF
    BUFGCTRL_X0Y16       BUFG (Prop_bufg_I_O)         0.091    13.422 r  clk_IBUF_BUFG_inst/O
                         net (fo=1058, routed)        1.557    14.979    HEAPSTACK/clk_IBUF_BUFG
    RAMB36_X0Y13         RAMB36E1                                     r  HEAPSTACK/BRAM_reg_0_14/CLKARDCLK
                         clock pessimism              0.187    15.166    
                         clock uncertainty           -0.035    15.131    
    RAMB36_X0Y13         RAMB36E1 (Setup_ramb36e1_CLKARDCLK_ADDRARDADDR[9])
                                                     -0.741    14.390    HEAPSTACK/BRAM_reg_0_14
  -------------------------------------------------------------------
                         required time                         14.390    
                         arrival time                         -14.106    
  -------------------------------------------------------------------
                         slack                                  0.283    

Slack (MET) :             0.308ns  (required time - arrival time)
  Source:                 DFC/FSM_onehot_cr_state_reg[70]/C
                            (rising edge-triggered cell FDRE clocked by sys_clk_pin  {rise@0.000ns fall@5.000ns period=10.000ns})
  Destination:            HEAPSTACK/BRAM_reg_1_5/DIBDI[0]
                            (rising edge-triggered cell RAMB36E1 clocked by sys_clk_pin  {rise@0.000ns fall@5.000ns period=10.000ns})
  Path Group:             sys_clk_pin
  Path Type:              Setup (Max at Slow Process Corner)
  Requirement:            10.000ns  (sys_clk_pin rise@10.000ns - sys_clk_pin rise@0.000ns)
  Data Path Delay:        8.496ns  (logic 1.409ns (16.584%)  route 7.087ns (83.416%))
  Logic Levels:           7  (LUT5=1 LUT6=5 MUXF7=1)
  Clock Path Skew:        -0.251ns (DCD - SCD + CPR)
    Destination Clock Delay (DCD):    4.977ns = ( 14.977 - 10.000 ) 
    Source Clock Delay      (SCD):    5.415ns
    Clock Pessimism Removal (CPR):    0.187ns
  Clock Uncertainty:      0.035ns  ((TSJ^2 + TIJ^2)^1/2 + DJ) / 2 + PE
    Total System Jitter     (TSJ):    0.071ns
    Total Input Jitter      (TIJ):    0.000ns
    Discrete Jitter          (DJ):    0.000ns
    Phase Error              (PE):    0.000ns

    Location             Delay type                Incr(ns)  Path(ns)    Netlist Resource(s)
  -------------------------------------------------------------------    -------------------
                         (clock sys_clk_pin rise edge)
                                                      0.000     0.000 r  
    E3                                                0.000     0.000 r  clk (IN)
                         net (fo=0)                   0.000     0.000    clk
    E3                   IBUF (Prop_ibuf_I_O)         1.482     1.482 r  clk_IBUF_inst/O
                         net (fo=1, routed)           2.025     3.506    clk_IBUF
    BUFGCTRL_X0Y16       BUFG (Prop_bufg_I_O)         0.096     3.602 r  clk_IBUF_BUFG_inst/O
                         net (fo=1058, routed)        1.812     5.415    DFC/clk_IBUF_BUFG
    SLICE_X31Y11         FDRE                                         r  DFC/FSM_onehot_cr_state_reg[70]/C
  -------------------------------------------------------------------    -------------------
    SLICE_X31Y11         FDRE (Prop_fdre_C_Q)         0.456     5.871 r  DFC/FSM_onehot_cr_state_reg[70]/Q
                         net (fo=26, routed)          1.012     6.883    DFC/out[13]
    SLICE_X31Y12         LUT6 (Prop_lut6_I1_O)        0.124     7.007 r  DFC/RAM[14][17]_i_22/O
                         net (fo=90, routed)          0.471     7.478    DFC/dfc_i[1]
    SLICE_X31Y11         LUT5 (Prop_lut5_I3_O)        0.124     7.602 r  DFC/RAM[14][17]_i_7/O
                         net (fo=76, routed)          0.820     8.422    GPRS/FSM_onehot_cr_state_reg[70]_0
    SLICE_X25Y10         LUT6 (Prop_lut6_I3_O)        0.124     8.546 r  GPRS/RAM[14][5]_i_12/O
                         net (fo=1, routed)           0.963     9.509    GPRS/RAM[14][5]_i_12_n_0
    SLICE_X28Y9          LUT6 (Prop_lut6_I0_O)        0.124     9.633 r  GPRS/RAM[14][5]_i_6/O
                         net (fo=6, routed)           1.055    10.689    GPRS/gpr_output1[5]
    SLICE_X40Y18         LUT6 (Prop_lut6_I1_O)        0.124    10.813 r  GPRS/BRAM_reg_0_5_i_15/O
                         net (fo=1, routed)           1.614    12.427    DFC/instr_mem_out_reg[5]_0
    SLICE_X56Y39         LUT6 (Prop_lut6_I5_O)        0.124    12.551 r  DFC/BRAM_reg_0_5_i_5/O
                         net (fo=1, routed)           0.000    12.551    DFC/BRAM_reg_0_5_i_5_n_0
    SLICE_X56Y39         MUXF7 (Prop_muxf7_I0_O)      0.209    12.760 r  DFC/BRAM_reg_0_5_i_2/O
                         net (fo=2, routed)           1.151    13.911    HEAPSTACK/word_port_2_i[5]
    RAMB36_X1Y10         RAMB36E1                                     r  HEAPSTACK/BRAM_reg_1_5/DIBDI[0]
  -------------------------------------------------------------------    -------------------

                         (clock sys_clk_pin rise edge)
                                                     10.000    10.000 r  
    E3                                                0.000    10.000 r  clk (IN)
                         net (fo=0)                   0.000    10.000    clk
    E3                   IBUF (Prop_ibuf_I_O)         1.411    11.411 r  clk_IBUF_inst/O
                         net (fo=1, routed)           1.920    13.331    clk_IBUF
    BUFGCTRL_X0Y16       BUFG (Prop_bufg_I_O)         0.091    13.422 r  clk_IBUF_BUFG_inst/O
                         net (fo=1058, routed)        1.555    14.977    HEAPSTACK/clk_IBUF_BUFG
    RAMB36_X1Y10         RAMB36E1                                     r  HEAPSTACK/BRAM_reg_1_5/CLKBWRCLK
                         clock pessimism              0.187    15.164    
                         clock uncertainty           -0.035    15.129    
    RAMB36_X1Y10         RAMB36E1 (Setup_ramb36e1_CLKBWRCLK_DIBDI[0])
                                                     -0.910    14.219    HEAPSTACK/BRAM_reg_1_5
  -------------------------------------------------------------------
                         required time                         14.219    
                         arrival time                         -13.911    
  -------------------------------------------------------------------
                         slack                                  0.308    

Slack (MET) :             0.332ns  (required time - arrival time)
  Source:                 DEREF1/word_reg_reg[11]/C
                            (rising edge-triggered cell FDRE clocked by sys_clk_pin  {rise@0.000ns fall@5.000ns period=10.000ns})
  Destination:            HEAPSTACK/BRAM_reg_1_9/ADDRARDADDR[7]
                            (rising edge-triggered cell RAMB36E1 clocked by sys_clk_pin  {rise@0.000ns fall@5.000ns period=10.000ns})
  Path Group:             sys_clk_pin
  Path Type:              Setup (Max at Slow Process Corner)
  Requirement:            10.000ns  (sys_clk_pin rise@10.000ns - sys_clk_pin rise@0.000ns)
  Data Path Delay:        8.651ns  (logic 2.051ns (23.708%)  route 6.600ns (76.292%))
  Logic Levels:           8  (CARRY4=2 LUT4=1 LUT6=4 MUXF7=1)
  Clock Path Skew:        -0.241ns (DCD - SCD + CPR)
    Destination Clock Delay (DCD):    4.984ns = ( 14.984 - 10.000 ) 
    Source Clock Delay      (SCD):    5.412ns
    Clock Pessimism Removal (CPR):    0.187ns
  Clock Uncertainty:      0.035ns  ((TSJ^2 + TIJ^2)^1/2 + DJ) / 2 + PE
    Total System Jitter     (TSJ):    0.071ns
    Total Input Jitter      (TIJ):    0.000ns
    Discrete Jitter          (DJ):    0.000ns
    Phase Error              (PE):    0.000ns

    Location             Delay type                Incr(ns)  Path(ns)    Netlist Resource(s)
  -------------------------------------------------------------------    -------------------
                         (clock sys_clk_pin rise edge)
                                                      0.000     0.000 r  
    E3                                                0.000     0.000 r  clk (IN)
                         net (fo=0)                   0.000     0.000    clk
    E3                   IBUF (Prop_ibuf_I_O)         1.482     1.482 r  clk_IBUF_inst/O
                         net (fo=1, routed)           2.025     3.506    clk_IBUF
    BUFGCTRL_X0Y16       BUFG (Prop_bufg_I_O)         0.096     3.602 r  clk_IBUF_BUFG_inst/O
                         net (fo=1058, routed)        1.809     5.412    DEREF1/clk_IBUF_BUFG
    SLICE_X23Y17         FDRE                                         r  DEREF1/word_reg_reg[11]/C
  -------------------------------------------------------------------    -------------------
    SLICE_X23Y17         FDRE (Prop_fdre_C_Q)         0.456     5.868 r  DEREF1/word_reg_reg[11]/Q
                         net (fo=23, routed)          1.363     7.230    DEREF2/word_reg_reg[17]_0[11]
    SLICE_X25Y19         LUT6 (Prop_lut6_I1_O)        0.124     7.354 r  DEREF2/word1_reg[17]_i_8/O
                         net (fo=1, routed)           0.000     7.354    DEREF2/word1_reg[17]_i_8_n_0
    SLICE_X25Y19         CARRY4 (Prop_carry4_S[3]_CO[3])
                                                      0.401     7.755 r  DEREF2/word1_reg_reg[17]_i_5/CO[3]
                         net (fo=1, routed)           0.000     7.755    DEREF2/word1_reg_reg[17]_i_5_n_0
    SLICE_X25Y20         CARRY4 (Prop_carry4_CI_CO[1])
                                                      0.157     7.912 f  DEREF2/word1_reg_reg[17]_i_3/CO[1]
                         net (fo=26, routed)          0.434     8.346    DEREF2/word1_reg_reg[17][0]
    SLICE_X25Y21         LUT4 (Prop_lut4_I1_O)        0.329     8.675 r  DEREF2/BRAM_reg_0_16_i_44/O
                         net (fo=68, routed)          0.836     9.511    UNIFYU/unify_mem_sel[0]
    SLICE_X33Y29         LUT6 (Prop_lut6_I2_O)        0.124     9.635 r  UNIFYU/BRAM_reg_0_0_i_431/O
                         net (fo=1, routed)           0.433    10.068    DFC/FSM_onehot_cr_state_reg[2]_34
    SLICE_X34Y29         LUT6 (Prop_lut6_I0_O)        0.124    10.192 r  DFC/BRAM_reg_0_0_i_213/O
                         net (fo=1, routed)           1.078    11.271    DFC/BRAM_reg_0_0_i_213_n_0
    SLICE_X39Y25         LUT6 (Prop_lut6_I5_O)        0.124    11.395 r  DFC/BRAM_reg_0_0_i_59/O
                         net (fo=1, routed)           0.000    11.395    DFC/BRAM_reg_0_0_i_59_n_0
    SLICE_X39Y25         MUXF7 (Prop_muxf7_I0_O)      0.212    11.607 r  DFC/BRAM_reg_0_0_i_11/O
                         net (fo=36, routed)          2.456    14.063    HEAPSTACK/ADDRARDADDR[7]
    RAMB36_X0Y12         RAMB36E1                                     r  HEAPSTACK/BRAM_reg_1_9/ADDRARDADDR[7]
  -------------------------------------------------------------------    -------------------

                         (clock sys_clk_pin rise edge)
                                                     10.000    10.000 r  
    E3                                                0.000    10.000 r  clk (IN)
                         net (fo=0)                   0.000    10.000    clk
    E3                   IBUF (Prop_ibuf_I_O)         1.411    11.411 r  clk_IBUF_inst/O
                         net (fo=1, routed)           1.920    13.331    clk_IBUF
    BUFGCTRL_X0Y16       BUFG (Prop_bufg_I_O)         0.091    13.422 r  clk_IBUF_BUFG_inst/O
                         net (fo=1058, routed)        1.562    14.984    HEAPSTACK/clk_IBUF_BUFG
    RAMB36_X0Y12         RAMB36E1                                     r  HEAPSTACK/BRAM_reg_1_9/CLKARDCLK
                         clock pessimism              0.187    15.171    
                         clock uncertainty           -0.035    15.136    
    RAMB36_X0Y12         RAMB36E1 (Setup_ramb36e1_CLKARDCLK_ADDRARDADDR[7])
                                                     -0.741    14.395    HEAPSTACK/BRAM_reg_1_9
  -------------------------------------------------------------------
                         required time                         14.395    
                         arrival time                         -14.063    
  -------------------------------------------------------------------
                         slack                                  0.332    

Slack (MET) :             0.424ns  (required time - arrival time)
  Source:                 DFC/counter_reg[3]/C
                            (rising edge-triggered cell FDRE clocked by sys_clk_pin  {rise@0.000ns fall@5.000ns period=10.000ns})
  Destination:            HEAPSTACK/BRAM_reg_1_6/ENBWREN
                            (rising edge-triggered cell RAMB36E1 clocked by sys_clk_pin  {rise@0.000ns fall@5.000ns period=10.000ns})
  Path Group:             sys_clk_pin
  Path Type:              Setup (Max at Slow Process Corner)
  Requirement:            10.000ns  (sys_clk_pin rise@10.000ns - sys_clk_pin rise@0.000ns)
  Data Path Delay:        8.845ns  (logic 2.786ns (31.500%)  route 6.059ns (68.500%))
  Logic Levels:           8  (CARRY4=4 LUT2=1 LUT6=3)
  Clock Path Skew:        -0.254ns (DCD - SCD + CPR)
    Destination Clock Delay (DCD):    4.973ns = ( 14.973 - 10.000 ) 
    Source Clock Delay      (SCD):    5.414ns
    Clock Pessimism Removal (CPR):    0.187ns
  Clock Uncertainty:      0.035ns  ((TSJ^2 + TIJ^2)^1/2 + DJ) / 2 + PE
    Total System Jitter     (TSJ):    0.071ns
    Total Input Jitter      (TIJ):    0.000ns
    Discrete Jitter          (DJ):    0.000ns
    Phase Error              (PE):    0.000ns

    Location             Delay type                Incr(ns)  Path(ns)    Netlist Resource(s)
  -------------------------------------------------------------------    -------------------
                         (clock sys_clk_pin rise edge)
                                                      0.000     0.000 r  
    E3                                                0.000     0.000 r  clk (IN)
                         net (fo=0)                   0.000     0.000    clk
    E3                   IBUF (Prop_ibuf_I_O)         1.482     1.482 r  clk_IBUF_inst/O
                         net (fo=1, routed)           2.025     3.506    clk_IBUF
    BUFGCTRL_X0Y16       BUFG (Prop_bufg_I_O)         0.096     3.602 r  clk_IBUF_BUFG_inst/O
                         net (fo=1058, routed)        1.811     5.414    DFC/clk_IBUF_BUFG
    SLICE_X35Y10         FDRE                                         r  DFC/counter_reg[3]/C
  -------------------------------------------------------------------    -------------------
    SLICE_X35Y10         FDRE (Prop_fdre_C_Q)         0.456     5.870 r  DFC/counter_reg[3]/Q
                         net (fo=11, routed)          0.624     6.493    DFC/counter_reg[3]
    SLICE_X36Y10         CARRY4 (Prop_carry4_S[1]_CO[3])
                                                      0.674     7.167 r  DFC/BRAM_reg_0_0_i_676/CO[3]
                         net (fo=1, routed)           0.000     7.167    DFC/BRAM_reg_0_0_i_676_n_0
    SLICE_X36Y11         CARRY4 (Prop_carry4_CI_CO[3])
                                                      0.114     7.281 r  DFC/BRAM_reg_0_0_i_620/CO[3]
                         net (fo=1, routed)           0.000     7.281    DFC/BRAM_reg_0_0_i_620_n_0
    SLICE_X36Y12         CARRY4 (Prop_carry4_CI_O[1])
                                                      0.334     7.615 f  DFC/BRAM_reg_0_0_i_619/O[1]
                         net (fo=2, routed)           0.602     8.218    DFC/BRAM_reg_0_0_i_619_n_6
    SLICE_X38Y11         LUT2 (Prop_lut2_I0_O)        0.303     8.521 r  DFC/BRAM_reg_0_0_i_520/O
                         net (fo=1, routed)           0.000     8.521    DFC/BRAM_reg_0_0_i_520_n_0
    SLICE_X38Y11         CARRY4 (Prop_carry4_S[1]_CO[3])
                                                      0.533     9.054 r  DFC/BRAM_reg_0_0_i_366/CO[3]
                         net (fo=3, routed)           0.965    10.018    DFC/BRAM_reg_0_15[0]
    SLICE_X38Y13         LUT6 (Prop_lut6_I4_O)        0.124    10.142 r  DFC/BRAM_reg_0_0_i_154/O
                         net (fo=3, routed)           0.637    10.780    DFC/BRAM_reg_0_0_i_154_n_0
    SLICE_X39Y16         LUT6 (Prop_lut6_I3_O)        0.124    10.904 r  DFC/BRAM_reg_0_0_i_38/O
                         net (fo=17, routed)          0.985    11.889    DFC/WEBWE[0]
    SLICE_X58Y17         LUT6 (Prop_lut6_I5_O)        0.124    12.013 r  DFC/BRAM_reg_0_0_i_2/O
                         net (fo=16, routed)          2.245    14.258    HEAPSTACK/FSM_onehot_cr_state_reg[3]_0
    RAMB36_X1Y12         RAMB36E1                                     r  HEAPSTACK/BRAM_reg_1_6/ENBWREN
  -------------------------------------------------------------------    -------------------

                         (clock sys_clk_pin rise edge)
                                                     10.000    10.000 r  
    E3                                                0.000    10.000 r  clk (IN)
                         net (fo=0)                   0.000    10.000    clk
    E3                   IBUF (Prop_ibuf_I_O)         1.411    11.411 r  clk_IBUF_inst/O
                         net (fo=1, routed)           1.920    13.331    clk_IBUF
    BUFGCTRL_X0Y16       BUFG (Prop_bufg_I_O)         0.091    13.422 r  clk_IBUF_BUFG_inst/O
                         net (fo=1058, routed)        1.551    14.973    HEAPSTACK/clk_IBUF_BUFG
    RAMB36_X1Y12         RAMB36E1                                     r  HEAPSTACK/BRAM_reg_1_6/CLKBWRCLK
                         clock pessimism              0.187    15.160    
                         clock uncertainty           -0.035    15.125    
    RAMB36_X1Y12         RAMB36E1 (Setup_ramb36e1_CLKBWRCLK_ENBWREN)
                                                     -0.443    14.682    HEAPSTACK/BRAM_reg_1_6
  -------------------------------------------------------------------
                         required time                         14.682    
                         arrival time                         -14.258    
  -------------------------------------------------------------------
                         slack                                  0.424    

Slack (MET) :             0.443ns  (required time - arrival time)
  Source:                 HEAPSTACK/BRAM_reg_0_4/CLKBWRCLK
                            (rising edge-triggered cell RAMB36E1 clocked by sys_clk_pin  {rise@0.000ns fall@5.000ns period=10.000ns})
  Destination:            NewB_reg_reg[13]/D
                            (rising edge-triggered cell FDRE clocked by sys_clk_pin  {rise@0.000ns fall@5.000ns period=10.000ns})
  Path Group:             sys_clk_pin
  Path Type:              Setup (Max at Slow Process Corner)
  Requirement:            10.000ns  (sys_clk_pin rise@10.000ns - sys_clk_pin rise@0.000ns)
  Data Path Delay:        9.209ns  (logic 4.722ns (51.276%)  route 4.487ns (48.724%))
  Logic Levels:           6  (CARRY4=3 LUT3=1 LUT4=1 RAMB36E1=1)
  Clock Path Skew:        -0.209ns (DCD - SCD + CPR)
    Destination Clock Delay (DCD):    5.090ns = ( 15.090 - 10.000 ) 
    Source Clock Delay      (SCD):    5.495ns
    Clock Pessimism Removal (CPR):    0.195ns
  Clock Uncertainty:      0.035ns  ((TSJ^2 + TIJ^2)^1/2 + DJ) / 2 + PE
    Total System Jitter     (TSJ):    0.071ns
    Total Input Jitter      (TIJ):    0.000ns
    Discrete Jitter          (DJ):    0.000ns
    Phase Error              (PE):    0.000ns

    Location             Delay type                Incr(ns)  Path(ns)    Netlist Resource(s)
  -------------------------------------------------------------------    -------------------
                         (clock sys_clk_pin rise edge)
                                                      0.000     0.000 r  
    E3                                                0.000     0.000 r  clk (IN)
                         net (fo=0)                   0.000     0.000    clk
    E3                   IBUF (Prop_ibuf_I_O)         1.482     1.482 r  clk_IBUF_inst/O
                         net (fo=1, routed)           2.025     3.506    clk_IBUF
    BUFGCTRL_X0Y16       BUFG (Prop_bufg_I_O)         0.096     3.602 r  clk_IBUF_BUFG_inst/O
                         net (fo=1058, routed)        1.893     5.495    HEAPSTACK/clk_IBUF_BUFG
    RAMB36_X2Y7          RAMB36E1                                     r  HEAPSTACK/BRAM_reg_0_4/CLKBWRCLK
  -------------------------------------------------------------------    -------------------
    RAMB36_X2Y7          RAMB36E1 (Prop_ramb36e1_CLKBWRCLK_CASCADEOUTB)
                                                      2.872     8.367 r  HEAPSTACK/BRAM_reg_0_4/CASCADEOUTB
                         net (fo=1, routed)           0.065     8.432    HEAPSTACK/BRAM_reg_0_4_n_20
    RAMB36_X2Y8          RAMB36E1 (Prop_ramb36e1_CASCADEINB_DOBDO[0])
                                                      0.425     8.857 r  HEAPSTACK/BRAM_reg_1_4/DOBDO[0]
                         net (fo=17, routed)          3.021    11.878    HEAPSTACK/word_port_2_o[4]
    SLICE_X39Y22         LUT4 (Prop_lut4_I0_O)        0.124    12.002 r  HEAPSTACK/NewB_reg[7]_i_10/O
                         net (fo=1, routed)           0.000    12.002    HEAPSTACK/NewB_reg[7]_i_10_n_0
    SLICE_X39Y22         CARRY4 (Prop_carry4_S[1]_CO[3])
                                                      0.550    12.552 r  HEAPSTACK/NewB_reg_reg[7]_i_2/CO[3]
                         net (fo=1, routed)           0.000    12.552    HEAPSTACK/NewB_reg_reg[7]_i_2_n_0
    SLICE_X39Y23         CARRY4 (Prop_carry4_CI_CO[3])
                                                      0.114    12.666 r  HEAPSTACK/NewB_reg_reg[11]_i_2/CO[3]
                         net (fo=1, routed)           0.000    12.666    HEAPSTACK/NewB_reg_reg[11]_i_2_n_0
    SLICE_X39Y24         CARRY4 (Prop_carry4_CI_O[1])
                                                      0.334    13.000 r  HEAPSTACK/NewB_reg_reg[15]_i_2/O[1]
                         net (fo=1, routed)           0.673    13.674    plusOp1_in[13]
    SLICE_X40Y24         LUT3 (Prop_lut3_I0_O)        0.303    13.977 r  NewB_reg[13]_i_1/O
                         net (fo=2, routed)           0.727    14.704    NewE_comb[13]
    SLICE_X37Y24         FDRE                                         r  NewB_reg_reg[13]/D
  -------------------------------------------------------------------    -------------------

                         (clock sys_clk_pin rise edge)
                                                     10.000    10.000 r  
    E3                                                0.000    10.000 r  clk (IN)
                         net (fo=0)                   0.000    10.000    clk
    E3                   IBUF (Prop_ibuf_I_O)         1.411    11.411 r  clk_IBUF_inst/O
                         net (fo=1, routed)           1.920    13.331    clk_IBUF
    BUFGCTRL_X0Y16       BUFG (Prop_bufg_I_O)         0.091    13.422 r  clk_IBUF_BUFG_inst/O
                         net (fo=1058, routed)        1.668    15.090    clk_IBUF_BUFG
    SLICE_X37Y24         FDRE                                         r  NewB_reg_reg[13]/C
                         clock pessimism              0.195    15.286    
                         clock uncertainty           -0.035    15.250    
    SLICE_X37Y24         FDRE (Setup_fdre_C_D)       -0.103    15.147    NewB_reg_reg[13]
  -------------------------------------------------------------------
                         required time                         15.147    
                         arrival time                         -14.704    
  -------------------------------------------------------------------
                         slack                                  0.443    

Slack (MET) :             0.454ns  (required time - arrival time)
  Source:                 DEREF1/word_reg_reg[11]/C
                            (rising edge-triggered cell FDRE clocked by sys_clk_pin  {rise@0.000ns fall@5.000ns period=10.000ns})
  Destination:            HEAPSTACK/BRAM_reg_0_14/ADDRARDADDR[7]
                            (rising edge-triggered cell RAMB36E1 clocked by sys_clk_pin  {rise@0.000ns fall@5.000ns period=10.000ns})
  Path Group:             sys_clk_pin
  Path Type:              Setup (Max at Slow Process Corner)
  Requirement:            10.000ns  (sys_clk_pin rise@10.000ns - sys_clk_pin rise@0.000ns)
  Data Path Delay:        8.524ns  (logic 2.051ns (24.062%)  route 6.473ns (75.938%))
  Logic Levels:           8  (CARRY4=2 LUT4=1 LUT6=4 MUXF7=1)
  Clock Path Skew:        -0.246ns (DCD - SCD + CPR)
    Destination Clock Delay (DCD):    4.979ns = ( 14.979 - 10.000 ) 
    Source Clock Delay      (SCD):    5.412ns
    Clock Pessimism Removal (CPR):    0.187ns
  Clock Uncertainty:      0.035ns  ((TSJ^2 + TIJ^2)^1/2 + DJ) / 2 + PE
    Total System Jitter     (TSJ):    0.071ns
    Total Input Jitter      (TIJ):    0.000ns
    Discrete Jitter          (DJ):    0.000ns
    Phase Error              (PE):    0.000ns

    Location             Delay type                Incr(ns)  Path(ns)    Netlist Resource(s)
  -------------------------------------------------------------------    -------------------
                         (clock sys_clk_pin rise edge)
                                                      0.000     0.000 r  
    E3                                                0.000     0.000 r  clk (IN)
                         net (fo=0)                   0.000     0.000    clk
    E3                   IBUF (Prop_ibuf_I_O)         1.482     1.482 r  clk_IBUF_inst/O
                         net (fo=1, routed)           2.025     3.506    clk_IBUF
    BUFGCTRL_X0Y16       BUFG (Prop_bufg_I_O)         0.096     3.602 r  clk_IBUF_BUFG_inst/O
                         net (fo=1058, routed)        1.809     5.412    DEREF1/clk_IBUF_BUFG
    SLICE_X23Y17         FDRE                                         r  DEREF1/word_reg_reg[11]/C
  -------------------------------------------------------------------    -------------------
    SLICE_X23Y17         FDRE (Prop_fdre_C_Q)         0.456     5.868 r  DEREF1/word_reg_reg[11]/Q
                         net (fo=23, routed)          1.363     7.230    DEREF2/word_reg_reg[17]_0[11]
    SLICE_X25Y19         LUT6 (Prop_lut6_I1_O)        0.124     7.354 r  DEREF2/word1_reg[17]_i_8/O
                         net (fo=1, routed)           0.000     7.354    DEREF2/word1_reg[17]_i_8_n_0
    SLICE_X25Y19         CARRY4 (Prop_carry4_S[3]_CO[3])
                                                      0.401     7.755 r  DEREF2/word1_reg_reg[17]_i_5/CO[3]
                         net (fo=1, routed)           0.000     7.755    DEREF2/word1_reg_reg[17]_i_5_n_0
    SLICE_X25Y20         CARRY4 (Prop_carry4_CI_CO[1])
                                                      0.157     7.912 f  DEREF2/word1_reg_reg[17]_i_3/CO[1]
                         net (fo=26, routed)          0.434     8.346    DEREF2/word1_reg_reg[17][0]
    SLICE_X25Y21         LUT4 (Prop_lut4_I1_O)        0.329     8.675 r  DEREF2/BRAM_reg_0_16_i_44/O
                         net (fo=68, routed)          0.836     9.511    UNIFYU/unify_mem_sel[0]
    SLICE_X33Y29         LUT6 (Prop_lut6_I2_O)        0.124     9.635 r  UNIFYU/BRAM_reg_0_0_i_431/O
                         net (fo=1, routed)           0.433    10.068    DFC/FSM_onehot_cr_state_reg[2]_34
    SLICE_X34Y29         LUT6 (Prop_lut6_I0_O)        0.124    10.192 r  DFC/BRAM_reg_0_0_i_213/O
                         net (fo=1, routed)           1.078    11.271    DFC/BRAM_reg_0_0_i_213_n_0
    SLICE_X39Y25         LUT6 (Prop_lut6_I5_O)        0.124    11.395 r  DFC/BRAM_reg_0_0_i_59/O
                         net (fo=1, routed)           0.000    11.395    DFC/BRAM_reg_0_0_i_59_n_0
    SLICE_X39Y25         MUXF7 (Prop_muxf7_I0_O)      0.212    11.607 r  DFC/BRAM_reg_0_0_i_11/O
                         net (fo=36, routed)          2.329    13.936    HEAPSTACK/ADDRARDADDR[7]
    RAMB36_X0Y13         RAMB36E1                                     r  HEAPSTACK/BRAM_reg_0_14/ADDRARDADDR[7]
  -------------------------------------------------------------------    -------------------

                         (clock sys_clk_pin rise edge)
                                                     10.000    10.000 r  
    E3                                                0.000    10.000 r  clk (IN)
                         net (fo=0)                   0.000    10.000    clk
    E3                   IBUF (Prop_ibuf_I_O)         1.411    11.411 r  clk_IBUF_inst/O
                         net (fo=1, routed)           1.920    13.331    clk_IBUF
    BUFGCTRL_X0Y16       BUFG (Prop_bufg_I_O)         0.091    13.422 r  clk_IBUF_BUFG_inst/O
                         net (fo=1058, routed)        1.557    14.979    HEAPSTACK/clk_IBUF_BUFG
    RAMB36_X0Y13         RAMB36E1                                     r  HEAPSTACK/BRAM_reg_0_14/CLKARDCLK
                         clock pessimism              0.187    15.166    
                         clock uncertainty           -0.035    15.131    
    RAMB36_X0Y13         RAMB36E1 (Setup_ramb36e1_CLKARDCLK_ADDRARDADDR[7])
                                                     -0.741    14.390    HEAPSTACK/BRAM_reg_0_14
  -------------------------------------------------------------------
                         required time                         14.390    
                         arrival time                         -13.936    
  -------------------------------------------------------------------
                         slack                                  0.454    

Slack (MET) :             0.456ns  (required time - arrival time)
  Source:                 DEREF1/word_reg_reg[11]/C
                            (rising edge-triggered cell FDRE clocked by sys_clk_pin  {rise@0.000ns fall@5.000ns period=10.000ns})
  Destination:            HEAPSTACK/BRAM_reg_0_9/ADDRARDADDR[9]
                            (rising edge-triggered cell RAMB36E1 clocked by sys_clk_pin  {rise@0.000ns fall@5.000ns period=10.000ns})
  Path Group:             sys_clk_pin
  Path Type:              Setup (Max at Slow Process Corner)
  Requirement:            10.000ns  (sys_clk_pin rise@10.000ns - sys_clk_pin rise@0.000ns)
  Data Path Delay:        8.531ns  (logic 2.051ns (24.041%)  route 6.480ns (75.959%))
  Logic Levels:           8  (CARRY4=2 LUT4=1 LUT6=4 MUXF7=1)
  Clock Path Skew:        -0.237ns (DCD - SCD + CPR)
    Destination Clock Delay (DCD):    4.988ns = ( 14.988 - 10.000 ) 
    Source Clock Delay      (SCD):    5.412ns
    Clock Pessimism Removal (CPR):    0.187ns
  Clock Uncertainty:      0.035ns  ((TSJ^2 + TIJ^2)^1/2 + DJ) / 2 + PE
    Total System Jitter     (TSJ):    0.071ns
    Total Input Jitter      (TIJ):    0.000ns
    Discrete Jitter          (DJ):    0.000ns
    Phase Error              (PE):    0.000ns

    Location             Delay type                Incr(ns)  Path(ns)    Netlist Resource(s)
  -------------------------------------------------------------------    -------------------
                         (clock sys_clk_pin rise edge)
                                                      0.000     0.000 r  
    E3                                                0.000     0.000 r  clk (IN)
                         net (fo=0)                   0.000     0.000    clk
    E3                   IBUF (Prop_ibuf_I_O)         1.482     1.482 r  clk_IBUF_inst/O
                         net (fo=1, routed)           2.025     3.506    clk_IBUF
    BUFGCTRL_X0Y16       BUFG (Prop_bufg_I_O)         0.096     3.602 r  clk_IBUF_BUFG_inst/O
                         net (fo=1058, routed)        1.809     5.412    DEREF1/clk_IBUF_BUFG
    SLICE_X23Y17         FDRE                                         r  DEREF1/word_reg_reg[11]/C
  -------------------------------------------------------------------    -------------------
    SLICE_X23Y17         FDRE (Prop_fdre_C_Q)         0.456     5.868 r  DEREF1/word_reg_reg[11]/Q
                         net (fo=23, routed)          1.363     7.230    DEREF2/word_reg_reg[17]_0[11]
    SLICE_X25Y19         LUT6 (Prop_lut6_I1_O)        0.124     7.354 r  DEREF2/word1_reg[17]_i_8/O
                         net (fo=1, routed)           0.000     7.354    DEREF2/word1_reg[17]_i_8_n_0
    SLICE_X25Y19         CARRY4 (Prop_carry4_S[3]_CO[3])
                                                      0.401     7.755 r  DEREF2/word1_reg_reg[17]_i_5/CO[3]
                         net (fo=1, routed)           0.000     7.755    DEREF2/word1_reg_reg[17]_i_5_n_0
    SLICE_X25Y20         CARRY4 (Prop_carry4_CI_CO[1])
                                                      0.157     7.912 f  DEREF2/word1_reg_reg[17]_i_3/CO[1]
                         net (fo=26, routed)          0.434     8.346    DEREF2/word1_reg_reg[17][0]
    SLICE_X25Y21         LUT4 (Prop_lut4_I1_O)        0.329     8.675 r  DEREF2/BRAM_reg_0_16_i_44/O
                         net (fo=68, routed)          0.952     9.627    UNIFYU/unify_mem_sel[0]
    SLICE_X33Y29         LUT6 (Prop_lut6_I2_O)        0.124     9.751 r  UNIFYU/BRAM_reg_0_0_i_420/O
                         net (fo=1, routed)           0.433    10.184    DFC/FSM_onehot_cr_state_reg[2]_30
    SLICE_X33Y29         LUT6 (Prop_lut6_I0_O)        0.124    10.308 r  DFC/BRAM_reg_0_0_i_203/O
                         net (fo=1, routed)           0.820    11.129    DFC/BRAM_reg_0_0_i_203_n_0
    SLICE_X40Y27         LUT6 (Prop_lut6_I5_O)        0.124    11.253 r  DFC/BRAM_reg_0_0_i_55/O
                         net (fo=1, routed)           0.000    11.253    DFC/BRAM_reg_0_0_i_55_n_0
    SLICE_X40Y27         MUXF7 (Prop_muxf7_I0_O)      0.212    11.465 r  DFC/BRAM_reg_0_0_i_9/O
                         net (fo=36, routed)          2.478    13.943    HEAPSTACK/ADDRARDADDR[9]
    RAMB36_X0Y11         RAMB36E1                                     r  HEAPSTACK/BRAM_reg_0_9/ADDRARDADDR[9]
  -------------------------------------------------------------------    -------------------

                         (clock sys_clk_pin rise edge)
                                                     10.000    10.000 r  
    E3                                                0.000    10.000 r  clk (IN)
                         net (fo=0)                   0.000    10.000    clk
    E3                   IBUF (Prop_ibuf_I_O)         1.411    11.411 r  clk_IBUF_inst/O
                         net (fo=1, routed)           1.920    13.331    clk_IBUF
    BUFGCTRL_X0Y16       BUFG (Prop_bufg_I_O)         0.091    13.422 r  clk_IBUF_BUFG_inst/O
                         net (fo=1058, routed)        1.566    14.988    HEAPSTACK/clk_IBUF_BUFG
    RAMB36_X0Y11         RAMB36E1                                     r  HEAPSTACK/BRAM_reg_0_9/CLKARDCLK
                         clock pessimism              0.187    15.175    
                         clock uncertainty           -0.035    15.140    
    RAMB36_X0Y11         RAMB36E1 (Setup_ramb36e1_CLKARDCLK_ADDRARDADDR[9])
                                                     -0.741    14.399    HEAPSTACK/BRAM_reg_0_9
  -------------------------------------------------------------------
                         required time                         14.399    
                         arrival time                         -13.943    
  -------------------------------------------------------------------
                         slack                                  0.456    

Slack (MET) :             0.458ns  (required time - arrival time)
  Source:                 HEAPSTACK/BRAM_reg_0_6/CLKARDCLK
                            (rising edge-triggered cell RAMB36E1 clocked by sys_clk_pin  {rise@0.000ns fall@5.000ns period=10.000ns})
  Destination:            UNIFYU/PDLIST/BRAM_reg/DIADI[6]
                            (rising edge-triggered cell RAMB18E1 clocked by sys_clk_pin  {rise@0.000ns fall@5.000ns period=10.000ns})
  Path Group:             sys_clk_pin
  Path Type:              Setup (Max at Slow Process Corner)
  Requirement:            10.000ns  (sys_clk_pin rise@10.000ns - sys_clk_pin rise@0.000ns)
  Data Path Delay:        8.837ns  (logic 3.545ns (40.114%)  route 5.292ns (59.886%))
  Logic Levels:           3  (LUT6=2 RAMB36E1=1)
  Clock Path Skew:        0.068ns (DCD - SCD + CPR)
    Destination Clock Delay (DCD):    5.157ns = ( 15.157 - 10.000 ) 
    Source Clock Delay      (SCD):    5.276ns
    Clock Pessimism Removal (CPR):    0.187ns
  Clock Uncertainty:      0.035ns  ((TSJ^2 + TIJ^2)^1/2 + DJ) / 2 + PE
    Total System Jitter     (TSJ):    0.071ns
    Total Input Jitter      (TIJ):    0.000ns
    Discrete Jitter          (DJ):    0.000ns
    Phase Error              (PE):    0.000ns

    Location             Delay type                Incr(ns)  Path(ns)    Netlist Resource(s)
  -------------------------------------------------------------------    -------------------
                         (clock sys_clk_pin rise edge)
                                                      0.000     0.000 r  
    E3                                                0.000     0.000 r  clk (IN)
                         net (fo=0)                   0.000     0.000    clk
    E3                   IBUF (Prop_ibuf_I_O)         1.482     1.482 r  clk_IBUF_inst/O
                         net (fo=1, routed)           2.025     3.506    clk_IBUF
    BUFGCTRL_X0Y16       BUFG (Prop_bufg_I_O)         0.096     3.602 r  clk_IBUF_BUFG_inst/O
                         net (fo=1058, routed)        1.674     5.276    HEAPSTACK/clk_IBUF_BUFG
    RAMB36_X1Y11         RAMB36E1                                     r  HEAPSTACK/BRAM_reg_0_6/CLKARDCLK
  -------------------------------------------------------------------    -------------------
    RAMB36_X1Y11         RAMB36E1 (Prop_ramb36e1_CLKARDCLK_CASCADEOUTA)
                                                      2.872     8.148 r  HEAPSTACK/BRAM_reg_0_6/CASCADEOUTA
                         net (fo=1, routed)           0.065     8.213    HEAPSTACK/BRAM_reg_0_6_n_19
    RAMB36_X1Y12         RAMB36E1 (Prop_ramb36e1_CASCADEINA_DOADO[0])
                                                      0.425     8.638 r  HEAPSTACK/BRAM_reg_1_6/DOADO[0]
                         net (fo=14, routed)          3.559    12.198    DFC/word_port_1_o[6]
    SLICE_X28Y10         LUT6 (Prop_lut6_I3_O)        0.124    12.322 r  DFC/BRAM_reg_i_76/O
                         net (fo=1, routed)           0.656    12.978    UNIFYU/PDLIST/BRAM_reg_1_6
    SLICE_X14Y10         LUT6 (Prop_lut6_I5_O)        0.124    13.102 r  UNIFYU/PDLIST/BRAM_reg_i_20__0/O
                         net (fo=1, routed)           1.011    14.114    UNIFYU/PDLIST/pdl_in_1[6]
    RAMB18_X0Y0          RAMB18E1                                     r  UNIFYU/PDLIST/BRAM_reg/DIADI[6]
  -------------------------------------------------------------------    -------------------

                         (clock sys_clk_pin rise edge)
                                                     10.000    10.000 r  
    E3                                                0.000    10.000 r  clk (IN)
                         net (fo=0)                   0.000    10.000    clk
    E3                   IBUF (Prop_ibuf_I_O)         1.411    11.411 r  clk_IBUF_inst/O
                         net (fo=1, routed)           1.920    13.331    clk_IBUF
    BUFGCTRL_X0Y16       BUFG (Prop_bufg_I_O)         0.091    13.422 r  clk_IBUF_BUFG_inst/O
                         net (fo=1058, routed)        1.734    15.157    UNIFYU/PDLIST/clk_IBUF_BUFG
    RAMB18_X0Y0          RAMB18E1                                     r  UNIFYU/PDLIST/BRAM_reg/CLKARDCLK
                         clock pessimism              0.187    15.344    
                         clock uncertainty           -0.035    15.308    
    RAMB18_X0Y0          RAMB18E1 (Setup_ramb18e1_CLKARDCLK_DIADI[6])
                                                     -0.737    14.571    UNIFYU/PDLIST/BRAM_reg
  -------------------------------------------------------------------
                         required time                         14.571    
                         arrival time                         -14.114    
  -------------------------------------------------------------------
                         slack                                  0.458    

Slack (MET) :             0.462ns  (required time - arrival time)
  Source:                 DEREF1/word_reg_reg[11]/C
                            (rising edge-triggered cell FDRE clocked by sys_clk_pin  {rise@0.000ns fall@5.000ns period=10.000ns})
  Destination:            HEAPSTACK/BRAM_reg_1_14/ADDRARDADDR[5]
                            (rising edge-triggered cell RAMB36E1 clocked by sys_clk_pin  {rise@0.000ns fall@5.000ns period=10.000ns})
  Path Group:             sys_clk_pin
  Path Type:              Setup (Max at Slow Process Corner)
  Requirement:            10.000ns  (sys_clk_pin rise@10.000ns - sys_clk_pin rise@0.000ns)
  Data Path Delay:        8.512ns  (logic 2.077ns (24.400%)  route 6.435ns (75.600%))
  Logic Levels:           8  (CARRY4=2 LUT4=1 LUT6=4 MUXF7=1)
  Clock Path Skew:        -0.251ns (DCD - SCD + CPR)
    Destination Clock Delay (DCD):    4.974ns = ( 14.974 - 10.000 ) 
    Source Clock Delay      (SCD):    5.412ns
    Clock Pessimism Removal (CPR):    0.187ns
  Clock Uncertainty:      0.035ns  ((TSJ^2 + TIJ^2)^1/2 + DJ) / 2 + PE
    Total System Jitter     (TSJ):    0.071ns
    Total Input Jitter      (TIJ):    0.000ns
    Discrete Jitter          (DJ):    0.000ns
    Phase Error              (PE):    0.000ns

    Location             Delay type                Incr(ns)  Path(ns)    Netlist Resource(s)
  -------------------------------------------------------------------    -------------------
                         (clock sys_clk_pin rise edge)
                                                      0.000     0.000 r  
    E3                                                0.000     0.000 r  clk (IN)
                         net (fo=0)                   0.000     0.000    clk
    E3                   IBUF (Prop_ibuf_I_O)         1.482     1.482 r  clk_IBUF_inst/O
                         net (fo=1, routed)           2.025     3.506    clk_IBUF
    BUFGCTRL_X0Y16       BUFG (Prop_bufg_I_O)         0.096     3.602 r  clk_IBUF_BUFG_inst/O
                         net (fo=1058, routed)        1.809     5.412    DEREF1/clk_IBUF_BUFG
    SLICE_X23Y17         FDRE                                         r  DEREF1/word_reg_reg[11]/C
  -------------------------------------------------------------------    -------------------
    SLICE_X23Y17         FDRE (Prop_fdre_C_Q)         0.456     5.868 r  DEREF1/word_reg_reg[11]/Q
                         net (fo=23, routed)          1.363     7.230    DEREF2/word_reg_reg[17]_0[11]
    SLICE_X25Y19         LUT6 (Prop_lut6_I1_O)        0.124     7.354 r  DEREF2/word1_reg[17]_i_8/O
                         net (fo=1, routed)           0.000     7.354    DEREF2/word1_reg[17]_i_8_n_0
    SLICE_X25Y19         CARRY4 (Prop_carry4_S[3]_CO[3])
                                                      0.401     7.755 r  DEREF2/word1_reg_reg[17]_i_5/CO[3]
                         net (fo=1, routed)           0.000     7.755    DEREF2/word1_reg_reg[17]_i_5_n_0
    SLICE_X25Y20         CARRY4 (Prop_carry4_CI_CO[1])
                                                      0.157     7.912 f  DEREF2/word1_reg_reg[17]_i_3/CO[1]
                         net (fo=26, routed)          0.434     8.346    DEREF2/word1_reg_reg[17][0]
    SLICE_X25Y21         LUT4 (Prop_lut4_I1_O)        0.329     8.675 r  DEREF2/BRAM_reg_0_16_i_44/O
                         net (fo=68, routed)          1.327    10.002    UNIFYU/unify_mem_sel[0]
    SLICE_X47Y28         LUT6 (Prop_lut6_I2_O)        0.124    10.126 r  UNIFYU/BRAM_reg_0_0_i_439/O
                         net (fo=1, routed)           0.263    10.389    DFC/FSM_onehot_cr_state_reg[2]_38
    SLICE_X47Y28         LUT6 (Prop_lut6_I0_O)        0.124    10.513 r  DFC/BRAM_reg_0_0_i_223/O
                         net (fo=1, routed)           0.553    11.066    DFC/BRAM_reg_0_0_i_223_n_0
    SLICE_X47Y25         LUT6 (Prop_lut6_I5_O)        0.124    11.190 r  DFC/BRAM_reg_0_0_i_63/O
                         net (fo=1, routed)           0.000    11.190    DFC/BRAM_reg_0_0_i_63_n_0
    SLICE_X47Y25         MUXF7 (Prop_muxf7_I0_O)      0.238    11.428 r  DFC/BRAM_reg_0_0_i_13/O
                         net (fo=36, routed)          2.496    13.924    HEAPSTACK/ADDRARDADDR[5]
    RAMB36_X0Y14         RAMB36E1                                     r  HEAPSTACK/BRAM_reg_1_14/ADDRARDADDR[5]
  -------------------------------------------------------------------    -------------------

                         (clock sys_clk_pin rise edge)
                                                     10.000    10.000 r  
    E3                                                0.000    10.000 r  clk (IN)
                         net (fo=0)                   0.000    10.000    clk
    E3                   IBUF (Prop_ibuf_I_O)         1.411    11.411 r  clk_IBUF_inst/O
                         net (fo=1, routed)           1.920    13.331    clk_IBUF
    BUFGCTRL_X0Y16       BUFG (Prop_bufg_I_O)         0.091    13.422 r  clk_IBUF_BUFG_inst/O
                         net (fo=1058, routed)        1.552    14.974    HEAPSTACK/clk_IBUF_BUFG
    RAMB36_X0Y14         RAMB36E1                                     r  HEAPSTACK/BRAM_reg_1_14/CLKARDCLK
                         clock pessimism              0.187    15.161    
                         clock uncertainty           -0.035    15.126    
    RAMB36_X0Y14         RAMB36E1 (Setup_ramb36e1_CLKARDCLK_ADDRARDADDR[5])
                                                     -0.740    14.386    HEAPSTACK/BRAM_reg_1_14
  -------------------------------------------------------------------
                         required time                         14.386    
                         arrival time                         -13.924    
  -------------------------------------------------------------------
                         slack                                  0.462    





Min Delay Paths
--------------------------------------------------------------------------------------
Slack (MET) :             0.140ns  (arrival time - required time)
  Source:                 bsearch_haddr_reg_reg[1]/C
                            (rising edge-triggered cell FDRE clocked by sys_clk_pin  {rise@0.000ns fall@5.000ns period=10.000ns})
  Destination:            BSEARCH/high_addr_reg_reg[1]/D
                            (rising edge-triggered cell FDRE clocked by sys_clk_pin  {rise@0.000ns fall@5.000ns period=10.000ns})
  Path Group:             sys_clk_pin
  Path Type:              Hold (Min at Fast Process Corner)
  Requirement:            0.000ns  (sys_clk_pin rise@0.000ns - sys_clk_pin rise@0.000ns)
  Data Path Delay:        0.273ns  (logic 0.186ns (68.106%)  route 0.087ns (31.894%))
  Logic Levels:           1  (LUT6=1)
  Clock Path Skew:        0.013ns (DCD - SCD - CPR)
    Destination Clock Delay (DCD):    2.076ns
    Source Clock Delay      (SCD):    1.555ns
    Clock Pessimism Removal (CPR):    0.508ns

    Location             Delay type                Incr(ns)  Path(ns)    Netlist Resource(s)
  -------------------------------------------------------------------    -------------------
                         (clock sys_clk_pin rise edge)
                                                      0.000     0.000 r  
    E3                                                0.000     0.000 r  clk (IN)
                         net (fo=0)                   0.000     0.000    clk
    E3                   IBUF (Prop_ibuf_I_O)         0.250     0.250 r  clk_IBUF_inst/O
                         net (fo=1, routed)           0.644     0.894    clk_IBUF
    BUFGCTRL_X0Y16       BUFG (Prop_bufg_I_O)         0.026     0.920 r  clk_IBUF_BUFG_inst/O
                         net (fo=1058, routed)        0.635     1.555    clk_IBUF_BUFG
    SLICE_X39Y0          FDRE                                         r  bsearch_haddr_reg_reg[1]/C
  -------------------------------------------------------------------    -------------------
    SLICE_X39Y0          FDRE (Prop_fdre_C_Q)         0.141     1.696 r  bsearch_haddr_reg_reg[1]/Q
                         net (fo=1, routed)           0.087     1.783    BSEARCH/bsearch_haddr_reg_reg[9][1]
    SLICE_X38Y0          LUT6 (Prop_lut6_I1_O)        0.045     1.828 r  BSEARCH/high_addr_reg[1]_i_1/O
                         net (fo=1, routed)           0.000     1.828    BSEARCH/high_addr_comb[1]
    SLICE_X38Y0          FDRE                                         r  BSEARCH/high_addr_reg_reg[1]/D
  -------------------------------------------------------------------    -------------------

                         (clock sys_clk_pin rise edge)
                                                      0.000     0.000 r  
    E3                                                0.000     0.000 r  clk (IN)
                         net (fo=0)                   0.000     0.000    clk
    E3                   IBUF (Prop_ibuf_I_O)         0.438     0.438 r  clk_IBUF_inst/O
                         net (fo=1, routed)           0.699     1.136    clk_IBUF
    BUFGCTRL_X0Y16       BUFG (Prop_bufg_I_O)         0.029     1.165 r  clk_IBUF_BUFG_inst/O
                         net (fo=1058, routed)        0.911     2.076    BSEARCH/clk_IBUF_BUFG
    SLICE_X38Y0          FDRE                                         r  BSEARCH/high_addr_reg_reg[1]/C
                         clock pessimism             -0.508     1.568    
    SLICE_X38Y0          FDRE (Hold_fdre_C_D)         0.120     1.688    BSEARCH/high_addr_reg_reg[1]
  -------------------------------------------------------------------
                         required time                         -1.688    
                         arrival time                           1.828    
  -------------------------------------------------------------------
                         slack                                  0.140    

Slack (MET) :             0.156ns  (arrival time - required time)
  Source:                 BINDUNIT/FSM_onehot_cr_state_reg[0]/C
                            (rising edge-triggered cell FDSE clocked by sys_clk_pin  {rise@0.000ns fall@5.000ns period=10.000ns})
  Destination:            BINDUNIT/FSM_onehot_cr_state_reg[1]/D
                            (rising edge-triggered cell FDRE clocked by sys_clk_pin  {rise@0.000ns fall@5.000ns period=10.000ns})
  Path Group:             sys_clk_pin
  Path Type:              Hold (Min at Fast Process Corner)
  Requirement:            0.000ns  (sys_clk_pin rise@0.000ns - sys_clk_pin rise@0.000ns)
  Data Path Delay:        0.231ns  (logic 0.141ns (60.975%)  route 0.090ns (39.025%))
  Logic Levels:           0  
  Clock Path Skew:        0.000ns (DCD - SCD - CPR)
    Destination Clock Delay (DCD):    2.060ns
    Source Clock Delay      (SCD):    1.542ns
    Clock Pessimism Removal (CPR):    0.518ns

    Location             Delay type                Incr(ns)  Path(ns)    Netlist Resource(s)
  -------------------------------------------------------------------    -------------------
                         (clock sys_clk_pin rise edge)
                                                      0.000     0.000 r  
    E3                                                0.000     0.000 r  clk (IN)
                         net (fo=0)                   0.000     0.000    clk
    E3                   IBUF (Prop_ibuf_I_O)         0.250     0.250 r  clk_IBUF_inst/O
                         net (fo=1, routed)           0.644     0.894    clk_IBUF
    BUFGCTRL_X0Y16       BUFG (Prop_bufg_I_O)         0.026     0.920 r  clk_IBUF_BUFG_inst/O
                         net (fo=1058, routed)        0.622     1.542    BINDUNIT/clk_IBUF_BUFG
    SLICE_X41Y26         FDSE                                         r  BINDUNIT/FSM_onehot_cr_state_reg[0]/C
  -------------------------------------------------------------------    -------------------
    SLICE_X41Y26         FDSE (Prop_fdse_C_Q)         0.141     1.683 r  BINDUNIT/FSM_onehot_cr_state_reg[0]/Q
                         net (fo=6, routed)           0.090     1.773    BINDUNIT/FSM_onehot_cr_state_reg_n_0_[0]
    SLICE_X41Y26         FDRE                                         r  BINDUNIT/FSM_onehot_cr_state_reg[1]/D
  -------------------------------------------------------------------    -------------------

                         (clock sys_clk_pin rise edge)
                                                      0.000     0.000 r  
    E3                                                0.000     0.000 r  clk (IN)
                         net (fo=0)                   0.000     0.000    clk
    E3                   IBUF (Prop_ibuf_I_O)         0.438     0.438 r  clk_IBUF_inst/O
                         net (fo=1, routed)           0.699     1.136    clk_IBUF
    BUFGCTRL_X0Y16       BUFG (Prop_bufg_I_O)         0.029     1.165 r  clk_IBUF_BUFG_inst/O
                         net (fo=1058, routed)        0.895     2.060    BINDUNIT/clk_IBUF_BUFG
    SLICE_X41Y26         FDRE                                         r  BINDUNIT/FSM_onehot_cr_state_reg[1]/C
                         clock pessimism             -0.518     1.542    
    SLICE_X41Y26         FDRE (Hold_fdre_C_D)         0.075     1.617    BINDUNIT/FSM_onehot_cr_state_reg[1]
  -------------------------------------------------------------------
                         required time                         -1.617    
                         arrival time                           1.773    
  -------------------------------------------------------------------
                         slack                                  0.156    

Slack (MET) :             0.173ns  (arrival time - required time)
  Source:                 CUART/uart_tx_data_vec_reg[7]/C
                            (rising edge-triggered cell FDRE clocked by sys_clk_pin  {rise@0.000ns fall@5.000ns period=10.000ns})
  Destination:            CUART/uart_tx_data_vec_reg[7]/D
                            (rising edge-triggered cell FDRE clocked by sys_clk_pin  {rise@0.000ns fall@5.000ns period=10.000ns})
  Path Group:             sys_clk_pin
  Path Type:              Hold (Min at Fast Process Corner)
  Requirement:            0.000ns  (sys_clk_pin rise@0.000ns - sys_clk_pin rise@0.000ns)
  Data Path Delay:        0.232ns  (logic 0.164ns (70.680%)  route 0.068ns (29.320%))
  Logic Levels:           0  
  Clock Path Skew:        0.000ns (DCD - SCD - CPR)
    Destination Clock Delay (DCD):    2.043ns
    Source Clock Delay      (SCD):    1.525ns
    Clock Pessimism Removal (CPR):    0.517ns

    Location             Delay type                Incr(ns)  Path(ns)    Netlist Resource(s)
  -------------------------------------------------------------------    -------------------
                         (clock sys_clk_pin rise edge)
                                                      0.000     0.000 r  
    E3                                                0.000     0.000 r  clk (IN)
                         net (fo=0)                   0.000     0.000    clk
    E3                   IBUF (Prop_ibuf_I_O)         0.250     0.250 r  clk_IBUF_inst/O
                         net (fo=1, routed)           0.644     0.894    clk_IBUF
    BUFGCTRL_X0Y16       BUFG (Prop_bufg_I_O)         0.026     0.920 r  clk_IBUF_BUFG_inst/O
                         net (fo=1058, routed)        0.606     1.525    CUART/clk_IBUF_BUFG
    SLICE_X84Y56         FDRE                                         r  CUART/uart_tx_data_vec_reg[7]/C
  -------------------------------------------------------------------    -------------------
    SLICE_X84Y56         FDRE (Prop_fdre_C_Q)         0.164     1.689 r  CUART/uart_tx_data_vec_reg[7]/Q
                         net (fo=2, routed)           0.068     1.757    CUART/FSM_onehot_cr_state_reg[8]_0
    SLICE_X84Y56         FDRE                                         r  CUART/uart_tx_data_vec_reg[7]/D
  -------------------------------------------------------------------    -------------------

                         (clock sys_clk_pin rise edge)
                                                      0.000     0.000 r  
    E3                                                0.000     0.000 r  clk (IN)
                         net (fo=0)                   0.000     0.000    clk
    E3                   IBUF (Prop_ibuf_I_O)         0.438     0.438 r  clk_IBUF_inst/O
                         net (fo=1, routed)           0.699     1.136    clk_IBUF
    BUFGCTRL_X0Y16       BUFG (Prop_bufg_I_O)         0.029     1.165 r  clk_IBUF_BUFG_inst/O
                         net (fo=1058, routed)        0.878     2.043    CUART/clk_IBUF_BUFG
    SLICE_X84Y56         FDRE                                         r  CUART/uart_tx_data_vec_reg[7]/C
                         clock pessimism             -0.517     1.525    
    SLICE_X84Y56         FDRE (Hold_fdre_C_D)         0.059     1.584    CUART/uart_tx_data_vec_reg[7]
  -------------------------------------------------------------------
                         required time                         -1.584    
                         arrival time                           1.757    
  -------------------------------------------------------------------
                         slack                                  0.173    

Slack (MET) :             0.176ns  (arrival time - required time)
  Source:                 TR_reg_reg[8]/C
                            (rising edge-triggered cell FDRE clocked by sys_clk_pin  {rise@0.000ns fall@5.000ns period=10.000ns})
  Destination:            TR_reg_reg[9]/D
                            (rising edge-triggered cell FDRE clocked by sys_clk_pin  {rise@0.000ns fall@5.000ns period=10.000ns})
  Path Group:             sys_clk_pin
  Path Type:              Hold (Min at Fast Process Corner)
  Requirement:            0.000ns  (sys_clk_pin rise@0.000ns - sys_clk_pin rise@0.000ns)
  Data Path Delay:        0.281ns  (logic 0.186ns (66.171%)  route 0.095ns (33.829%))
  Logic Levels:           1  (LUT5=1)
  Clock Path Skew:        0.013ns (DCD - SCD - CPR)
    Destination Clock Delay (DCD):    2.067ns
    Source Clock Delay      (SCD):    1.548ns
    Clock Pessimism Removal (CPR):    0.506ns

    Location             Delay type                Incr(ns)  Path(ns)    Netlist Resource(s)
  -------------------------------------------------------------------    -------------------
                         (clock sys_clk_pin rise edge)
                                                      0.000     0.000 r  
    E3                                                0.000     0.000 r  clk (IN)
                         net (fo=0)                   0.000     0.000    clk
    E3                   IBUF (Prop_ibuf_I_O)         0.250     0.250 r  clk_IBUF_inst/O
                         net (fo=1, routed)           0.644     0.894    clk_IBUF
    BUFGCTRL_X0Y16       BUFG (Prop_bufg_I_O)         0.026     0.920 r  clk_IBUF_BUFG_inst/O
                         net (fo=1058, routed)        0.628     1.548    clk_IBUF_BUFG
    SLICE_X53Y10         FDRE                                         r  TR_reg_reg[8]/C
  -------------------------------------------------------------------    -------------------
    SLICE_X53Y10         FDRE (Prop_fdre_C_Q)         0.141     1.689 r  TR_reg_reg[8]/Q
                         net (fo=6, routed)           0.095     1.784    HEAPSTACK/TR_reg_reg[9]_0[8]
    SLICE_X52Y10         LUT5 (Prop_lut5_I3_O)        0.045     1.829 r  HEAPSTACK/TR_reg[9]_i_2/O
                         net (fo=1, routed)           0.000     1.829    HEAPSTACK_n_120
    SLICE_X52Y10         FDRE                                         r  TR_reg_reg[9]/D
  -------------------------------------------------------------------    -------------------

                         (clock sys_clk_pin rise edge)
                                                      0.000     0.000 r  
    E3                                                0.000     0.000 r  clk (IN)
                         net (fo=0)                   0.000     0.000    clk
    E3                   IBUF (Prop_ibuf_I_O)         0.438     0.438 r  clk_IBUF_inst/O
                         net (fo=1, routed)           0.699     1.136    clk_IBUF
    BUFGCTRL_X0Y16       BUFG (Prop_bufg_I_O)         0.029     1.165 r  clk_IBUF_BUFG_inst/O
                         net (fo=1058, routed)        0.902     2.067    clk_IBUF_BUFG
    SLICE_X52Y10         FDRE                                         r  TR_reg_reg[9]/C
                         clock pessimism             -0.506     1.561    
    SLICE_X52Y10         FDRE (Hold_fdre_C_D)         0.092     1.653    TR_reg_reg[9]
  -------------------------------------------------------------------
                         required time                         -1.653    
                         arrival time                           1.829    
  -------------------------------------------------------------------
                         slack                                  0.176    

Slack (MET) :             0.179ns  (arrival time - required time)
  Source:                 bsearch_haddr_reg_reg[8]/C
                            (rising edge-triggered cell FDRE clocked by sys_clk_pin  {rise@0.000ns fall@5.000ns period=10.000ns})
  Destination:            BSEARCH/high_addr_reg_reg[8]/D
                            (rising edge-triggered cell FDRE clocked by sys_clk_pin  {rise@0.000ns fall@5.000ns period=10.000ns})
  Path Group:             sys_clk_pin
  Path Type:              Hold (Min at Fast Process Corner)
  Requirement:            0.000ns  (sys_clk_pin rise@0.000ns - sys_clk_pin rise@0.000ns)
  Data Path Delay:        0.283ns  (logic 0.186ns (65.755%)  route 0.097ns (34.245%))
  Logic Levels:           1  (LUT6=1)
  Clock Path Skew:        0.013ns (DCD - SCD - CPR)
    Destination Clock Delay (DCD):    2.076ns
    Source Clock Delay      (SCD):    1.557ns
    Clock Pessimism Removal (CPR):    0.506ns

    Location             Delay type                Incr(ns)  Path(ns)    Netlist Resource(s)
  -------------------------------------------------------------------    -------------------
                         (clock sys_clk_pin rise edge)
                                                      0.000     0.000 r  
    E3                                                0.000     0.000 r  clk (IN)
                         net (fo=0)                   0.000     0.000    clk
    E3                   IBUF (Prop_ibuf_I_O)         0.250     0.250 r  clk_IBUF_inst/O
                         net (fo=1, routed)           0.644     0.894    clk_IBUF
    BUFGCTRL_X0Y16       BUFG (Prop_bufg_I_O)         0.026     0.920 r  clk_IBUF_BUFG_inst/O
                         net (fo=1058, routed)        0.637     1.557    clk_IBUF_BUFG
    SLICE_X37Y4          FDRE                                         r  bsearch_haddr_reg_reg[8]/C
  -------------------------------------------------------------------    -------------------
    SLICE_X37Y4          FDRE (Prop_fdre_C_Q)         0.141     1.698 r  bsearch_haddr_reg_reg[8]/Q
                         net (fo=1, routed)           0.097     1.795    BSEARCH/bsearch_haddr_reg_reg[9][8]
    SLICE_X36Y4          LUT6 (Prop_lut6_I1_O)        0.045     1.840 r  BSEARCH/high_addr_reg[8]_i_1/O
                         net (fo=1, routed)           0.000     1.840    BSEARCH/high_addr_comb[8]
    SLICE_X36Y4          FDRE                                         r  BSEARCH/high_addr_reg_reg[8]/D
  -------------------------------------------------------------------    -------------------

                         (clock sys_clk_pin rise edge)
                                                      0.000     0.000 r  
    E3                                                0.000     0.000 r  clk (IN)
                         net (fo=0)                   0.000     0.000    clk
    E3                   IBUF (Prop_ibuf_I_O)         0.438     0.438 r  clk_IBUF_inst/O
                         net (fo=1, routed)           0.699     1.136    clk_IBUF
    BUFGCTRL_X0Y16       BUFG (Prop_bufg_I_O)         0.029     1.165 r  clk_IBUF_BUFG_inst/O
                         net (fo=1058, routed)        0.911     2.076    BSEARCH/clk_IBUF_BUFG
    SLICE_X36Y4          FDRE                                         r  BSEARCH/high_addr_reg_reg[8]/C
                         clock pessimism             -0.506     1.570    
    SLICE_X36Y4          FDRE (Hold_fdre_C_D)         0.091     1.661    BSEARCH/high_addr_reg_reg[8]
  -------------------------------------------------------------------
                         required time                         -1.661    
                         arrival time                           1.840    
  -------------------------------------------------------------------
                         slack                                  0.179    

Slack (MET) :             0.181ns  (arrival time - required time)
  Source:                 bsearch_laddr_reg_reg[8]/C
                            (rising edge-triggered cell FDRE clocked by sys_clk_pin  {rise@0.000ns fall@5.000ns period=10.000ns})
  Destination:            BSEARCH/low_addr_reg_reg[8]/D
                            (rising edge-triggered cell FDRE clocked by sys_clk_pin  {rise@0.000ns fall@5.000ns period=10.000ns})
  Path Group:             sys_clk_pin
  Path Type:              Hold (Min at Fast Process Corner)
  Requirement:            0.000ns  (sys_clk_pin rise@0.000ns - sys_clk_pin rise@0.000ns)
  Data Path Delay:        0.290ns  (logic 0.186ns (64.100%)  route 0.104ns (35.900%))
  Logic Levels:           1  (LUT6=1)
  Clock Path Skew:        0.017ns (DCD - SCD - CPR)
    Destination Clock Delay (DCD):    2.077ns
    Source Clock Delay      (SCD):    1.557ns
    Clock Pessimism Removal (CPR):    0.503ns

    Location             Delay type                Incr(ns)  Path(ns)    Netlist Resource(s)
  -------------------------------------------------------------------    -------------------
                         (clock sys_clk_pin rise edge)
                                                      0.000     0.000 r  
    E3                                                0.000     0.000 r  clk (IN)
                         net (fo=0)                   0.000     0.000    clk
    E3                   IBUF (Prop_ibuf_I_O)         0.250     0.250 r  clk_IBUF_inst/O
                         net (fo=1, routed)           0.644     0.894    clk_IBUF
    BUFGCTRL_X0Y16       BUFG (Prop_bufg_I_O)         0.026     0.920 r  clk_IBUF_BUFG_inst/O
                         net (fo=1058, routed)        0.637     1.557    clk_IBUF_BUFG
    SLICE_X35Y3          FDRE                                         r  bsearch_laddr_reg_reg[8]/C
  -------------------------------------------------------------------    -------------------
    SLICE_X35Y3          FDRE (Prop_fdre_C_Q)         0.141     1.698 r  bsearch_laddr_reg_reg[8]/Q
                         net (fo=1, routed)           0.104     1.802    BSEARCH/bsearch_laddr_reg_reg[9][8]
    SLICE_X35Y2          LUT6 (Prop_lut6_I1_O)        0.045     1.847 r  BSEARCH/low_addr_reg[8]_i_1/O
                         net (fo=1, routed)           0.000     1.847    BSEARCH/low_addr_comb[8]
    SLICE_X35Y2          FDRE                                         r  BSEARCH/low_addr_reg_reg[8]/D
  -------------------------------------------------------------------    -------------------

                         (clock sys_clk_pin rise edge)
                                                      0.000     0.000 r  
    E3                                                0.000     0.000 r  clk (IN)
                         net (fo=0)                   0.000     0.000    clk
    E3                   IBUF (Prop_ibuf_I_O)         0.438     0.438 r  clk_IBUF_inst/O
                         net (fo=1, routed)           0.699     1.136    clk_IBUF
    BUFGCTRL_X0Y16       BUFG (Prop_bufg_I_O)         0.029     1.165 r  clk_IBUF_BUFG_inst/O
                         net (fo=1058, routed)        0.912     2.077    BSEARCH/clk_IBUF_BUFG
    SLICE_X35Y2          FDRE                                         r  BSEARCH/low_addr_reg_reg[8]/C
                         clock pessimism             -0.503     1.574    
    SLICE_X35Y2          FDRE (Hold_fdre_C_D)         0.092     1.666    BSEARCH/low_addr_reg_reg[8]
  -------------------------------------------------------------------
                         required time                         -1.666    
                         arrival time                           1.847    
  -------------------------------------------------------------------
                         slack                                  0.181    

Slack (MET) :             0.191ns  (arrival time - required time)
  Source:                 BSEARCH/cr_state_reg[1]/C
                            (rising edge-triggered cell FDRE clocked by sys_clk_pin  {rise@0.000ns fall@5.000ns period=10.000ns})
  Destination:            BSEARCH/high_addr_reg_reg[4]/D
                            (rising edge-triggered cell FDRE clocked by sys_clk_pin  {rise@0.000ns fall@5.000ns period=10.000ns})
  Path Group:             sys_clk_pin
  Path Type:              Hold (Min at Fast Process Corner)
  Requirement:            0.000ns  (sys_clk_pin rise@0.000ns - sys_clk_pin rise@0.000ns)
  Data Path Delay:        0.347ns  (logic 0.186ns (53.595%)  route 0.161ns (46.405%))
  Logic Levels:           1  (LUT6=1)
  Clock Path Skew:        0.035ns (DCD - SCD - CPR)
    Destination Clock Delay (DCD):    2.076ns
    Source Clock Delay      (SCD):    1.558ns
    Clock Pessimism Removal (CPR):    0.483ns

    Location             Delay type                Incr(ns)  Path(ns)    Netlist Resource(s)
  -------------------------------------------------------------------    -------------------
                         (clock sys_clk_pin rise edge)
                                                      0.000     0.000 r  
    E3                                                0.000     0.000 r  clk (IN)
                         net (fo=0)                   0.000     0.000    clk
    E3                   IBUF (Prop_ibuf_I_O)         0.250     0.250 r  clk_IBUF_inst/O
                         net (fo=1, routed)           0.644     0.894    clk_IBUF
    BUFGCTRL_X0Y16       BUFG (Prop_bufg_I_O)         0.026     0.920 r  clk_IBUF_BUFG_inst/O
                         net (fo=1058, routed)        0.638     1.558    BSEARCH/clk_IBUF_BUFG
    SLICE_X37Y1          FDRE                                         r  BSEARCH/cr_state_reg[1]/C
  -------------------------------------------------------------------    -------------------
    SLICE_X37Y1          FDRE (Prop_fdre_C_Q)         0.141     1.699 f  BSEARCH/cr_state_reg[1]/Q
                         net (fo=21, routed)          0.161     1.860    BSEARCH/Q[1]
    SLICE_X38Y1          LUT6 (Prop_lut6_I3_O)        0.045     1.905 r  BSEARCH/high_addr_reg[4]_i_1/O
                         net (fo=1, routed)           0.000     1.905    BSEARCH/high_addr_comb[4]
    SLICE_X38Y1          FDRE                                         r  BSEARCH/high_addr_reg_reg[4]/D
  -------------------------------------------------------------------    -------------------

                         (clock sys_clk_pin rise edge)
                                                      0.000     0.000 r  
    E3                                                0.000     0.000 r  clk (IN)
                         net (fo=0)                   0.000     0.000    clk
    E3                   IBUF (Prop_ibuf_I_O)         0.438     0.438 r  clk_IBUF_inst/O
                         net (fo=1, routed)           0.699     1.136    clk_IBUF
    BUFGCTRL_X0Y16       BUFG (Prop_bufg_I_O)         0.029     1.165 r  clk_IBUF_BUFG_inst/O
                         net (fo=1058, routed)        0.911     2.076    BSEARCH/clk_IBUF_BUFG
    SLICE_X38Y1          FDRE                                         r  BSEARCH/high_addr_reg_reg[4]/C
                         clock pessimism             -0.483     1.593    
    SLICE_X38Y1          FDRE (Hold_fdre_C_D)         0.121     1.714    BSEARCH/high_addr_reg_reg[4]
  -------------------------------------------------------------------
                         required time                         -1.714    
                         arrival time                           1.905    
  -------------------------------------------------------------------
                         slack                                  0.191    

Slack (MET) :             0.198ns  (arrival time - required time)
  Source:                 NewB_reg_reg[2]/C
                            (rising edge-triggered cell FDRE clocked by sys_clk_pin  {rise@0.000ns fall@5.000ns period=10.000ns})
  Destination:            B_reg_reg[2]/D
                            (rising edge-triggered cell FDRE clocked by sys_clk_pin  {rise@0.000ns fall@5.000ns period=10.000ns})
  Path Group:             sys_clk_pin
  Path Type:              Hold (Min at Fast Process Corner)
  Requirement:            0.000ns  (sys_clk_pin rise@0.000ns - sys_clk_pin rise@0.000ns)
  Data Path Delay:        0.334ns  (logic 0.186ns (55.692%)  route 0.148ns (44.308%))
  Logic Levels:           1  (LUT3=1)
  Clock Path Skew:        0.015ns (DCD - SCD - CPR)
    Destination Clock Delay (DCD):    2.066ns
    Source Clock Delay      (SCD):    1.546ns
    Clock Pessimism Removal (CPR):    0.505ns

    Location             Delay type                Incr(ns)  Path(ns)    Netlist Resource(s)
  -------------------------------------------------------------------    -------------------
                         (clock sys_clk_pin rise edge)
                                                      0.000     0.000 r  
    E3                                                0.000     0.000 r  clk (IN)
                         net (fo=0)                   0.000     0.000    clk
    E3                   IBUF (Prop_ibuf_I_O)         0.250     0.250 r  clk_IBUF_inst/O
                         net (fo=1, routed)           0.644     0.894    clk_IBUF
    BUFGCTRL_X0Y16       BUFG (Prop_bufg_I_O)         0.026     0.920 r  clk_IBUF_BUFG_inst/O
                         net (fo=1058, routed)        0.626     1.546    clk_IBUF_BUFG
    SLICE_X39Y19         FDRE                                         r  NewB_reg_reg[2]/C
  -------------------------------------------------------------------    -------------------
    SLICE_X39Y19         FDRE (Prop_fdre_C_Q)         0.141     1.687 r  NewB_reg_reg[2]/Q
                         net (fo=7, routed)           0.148     1.835    HEAPSTACK/NewB_reg_reg[15][2]
    SLICE_X38Y18         LUT3 (Prop_lut3_I2_O)        0.045     1.880 r  HEAPSTACK/B_reg[2]_i_1/O
                         net (fo=1, routed)           0.000     1.880    HEAPSTACK_n_100
    SLICE_X38Y18         FDRE                                         r  B_reg_reg[2]/D
  -------------------------------------------------------------------    -------------------

                         (clock sys_clk_pin rise edge)
                                                      0.000     0.000 r  
    E3                                                0.000     0.000 r  clk (IN)
                         net (fo=0)                   0.000     0.000    clk
    E3                   IBUF (Prop_ibuf_I_O)         0.438     0.438 r  clk_IBUF_inst/O
                         net (fo=1, routed)           0.699     1.136    clk_IBUF
    BUFGCTRL_X0Y16       BUFG (Prop_bufg_I_O)         0.029     1.165 r  clk_IBUF_BUFG_inst/O
                         net (fo=1058, routed)        0.901     2.066    clk_IBUF_BUFG
    SLICE_X38Y18         FDRE                                         r  B_reg_reg[2]/C
                         clock pessimism             -0.505     1.561    
    SLICE_X38Y18         FDRE (Hold_fdre_C_D)         0.121     1.682    B_reg_reg[2]
  -------------------------------------------------------------------
                         required time                         -1.682    
                         arrival time                           1.880    
  -------------------------------------------------------------------
                         slack                                  0.198    

Slack (MET) :             0.199ns  (arrival time - required time)
  Source:                 instr_mem_out_reg[7]/C
                            (rising edge-triggered cell FDRE clocked by sys_clk_pin  {rise@0.000ns fall@5.000ns period=10.000ns})
  Destination:            bsearch_haddr_reg_reg[7]/D
                            (rising edge-triggered cell FDRE clocked by sys_clk_pin  {rise@0.000ns fall@5.000ns period=10.000ns})
  Path Group:             sys_clk_pin
  Path Type:              Hold (Min at Fast Process Corner)
  Requirement:            0.000ns  (sys_clk_pin rise@0.000ns - sys_clk_pin rise@0.000ns)
  Data Path Delay:        0.285ns  (logic 0.164ns (57.485%)  route 0.121ns (42.515%))
  Logic Levels:           0  
  Clock Path Skew:        0.016ns (DCD - SCD - CPR)
    Destination Clock Delay (DCD):    2.078ns
    Source Clock Delay      (SCD):    1.559ns
    Clock Pessimism Removal (CPR):    0.503ns

    Location             Delay type                Incr(ns)  Path(ns)    Netlist Resource(s)
  -------------------------------------------------------------------    -------------------
                         (clock sys_clk_pin rise edge)
                                                      0.000     0.000 r  
    E3                                                0.000     0.000 r  clk (IN)
                         net (fo=0)                   0.000     0.000    clk
    E3                   IBUF (Prop_ibuf_I_O)         0.250     0.250 r  clk_IBUF_inst/O
                         net (fo=1, routed)           0.644     0.894    clk_IBUF
    BUFGCTRL_X0Y16       BUFG (Prop_bufg_I_O)         0.026     0.920 r  clk_IBUF_BUFG_inst/O
                         net (fo=1058, routed)        0.639     1.559    clk_IBUF_BUFG
    SLICE_X30Y1          FDRE                                         r  instr_mem_out_reg[7]/C
  -------------------------------------------------------------------    -------------------
    SLICE_X30Y1          FDRE (Prop_fdre_C_Q)         0.164     1.723 r  instr_mem_out_reg[7]/Q
                         net (fo=12, routed)          0.121     1.844    fpwam_instr_addr[7]
    SLICE_X33Y2          FDRE                                         r  bsearch_haddr_reg_reg[7]/D
  -------------------------------------------------------------------    -------------------

                         (clock sys_clk_pin rise edge)
                                                      0.000     0.000 r  
    E3                                                0.000     0.000 r  clk (IN)
                         net (fo=0)                   0.000     0.000    clk
    E3                   IBUF (Prop_ibuf_I_O)         0.438     0.438 r  clk_IBUF_inst/O
                         net (fo=1, routed)           0.699     1.136    clk_IBUF
    BUFGCTRL_X0Y16       BUFG (Prop_bufg_I_O)         0.029     1.165 r  clk_IBUF_BUFG_inst/O
                         net (fo=1058, routed)        0.913     2.078    clk_IBUF_BUFG
    SLICE_X33Y2          FDRE                                         r  bsearch_haddr_reg_reg[7]/C
                         clock pessimism             -0.503     1.575    
    SLICE_X33Y2          FDRE (Hold_fdre_C_D)         0.070     1.645    bsearch_haddr_reg_reg[7]
  -------------------------------------------------------------------
                         required time                         -1.645    
                         arrival time                           1.844    
  -------------------------------------------------------------------
                         slack                                  0.199    

Slack (MET) :             0.201ns  (arrival time - required time)
  Source:                 P_reg_reg_rep[4]/C
                            (rising edge-triggered cell FDRE clocked by sys_clk_pin  {rise@0.000ns fall@5.000ns period=10.000ns})
  Destination:            instr_mem_out_reg[22]/D
                            (rising edge-triggered cell FDRE clocked by sys_clk_pin  {rise@0.000ns fall@5.000ns period=10.000ns})
  Path Group:             sys_clk_pin
  Path Type:              Hold (Min at Fast Process Corner)
  Requirement:            0.000ns  (sys_clk_pin rise@0.000ns - sys_clk_pin rise@0.000ns)
  Data Path Delay:        0.309ns  (logic 0.186ns (60.129%)  route 0.123ns (39.871%))
  Logic Levels:           1  (LUT5=1)
  Clock Path Skew:        0.017ns (DCD - SCD - CPR)
    Destination Clock Delay (DCD):    2.075ns
    Source Clock Delay      (SCD):    1.555ns
    Clock Pessimism Removal (CPR):    0.503ns

    Location             Delay type                Incr(ns)  Path(ns)    Netlist Resource(s)
  -------------------------------------------------------------------    -------------------
                         (clock sys_clk_pin rise edge)
                                                      0.000     0.000 r  
    E3                                                0.000     0.000 r  clk (IN)
                         net (fo=0)                   0.000     0.000    clk
    E3                   IBUF (Prop_ibuf_I_O)         0.250     0.250 r  clk_IBUF_inst/O
                         net (fo=1, routed)           0.644     0.894    clk_IBUF
    BUFGCTRL_X0Y16       BUFG (Prop_bufg_I_O)         0.026     0.920 r  clk_IBUF_BUFG_inst/O
                         net (fo=1058, routed)        0.635     1.555    clk_IBUF_BUFG
    SLICE_X36Y10         FDRE                                         r  P_reg_reg_rep[4]/C
  -------------------------------------------------------------------    -------------------
    SLICE_X36Y10         FDRE (Prop_fdre_C_Q)         0.141     1.696 r  P_reg_reg_rep[4]/Q
                         net (fo=70, routed)          0.123     1.819    P_reg_reg_rep__0[4]
    SLICE_X37Y8          LUT5 (Prop_lut5_I2_O)        0.045     1.864 r  instr_mem_out[22]_i_1/O
                         net (fo=1, routed)           0.000     1.864    instr_mem_out[22]_i_1_n_0
    SLICE_X37Y8          FDRE                                         r  instr_mem_out_reg[22]/D
  -------------------------------------------------------------------    -------------------

                         (clock sys_clk_pin rise edge)
                                                      0.000     0.000 r  
    E3                                                0.000     0.000 r  clk (IN)
                         net (fo=0)                   0.000     0.000    clk
    E3                   IBUF (Prop_ibuf_I_O)         0.438     0.438 r  clk_IBUF_inst/O
                         net (fo=1, routed)           0.699     1.136    clk_IBUF
    BUFGCTRL_X0Y16       BUFG (Prop_bufg_I_O)         0.029     1.165 r  clk_IBUF_BUFG_inst/O
                         net (fo=1058, routed)        0.910     2.075    clk_IBUF_BUFG
    SLICE_X37Y8          FDRE                                         r  instr_mem_out_reg[22]/C
                         clock pessimism             -0.503     1.572    
    SLICE_X37Y8          FDRE (Hold_fdre_C_D)         0.091     1.663    instr_mem_out_reg[22]
  -------------------------------------------------------------------
                         required time                         -1.663    
                         arrival time                           1.864    
  -------------------------------------------------------------------
                         slack                                  0.201    





Pulse Width Checks
--------------------------------------------------------------------------------------
Clock Name:         sys_clk_pin
Waveform(ns):       { 0.000 5.000 }
Period(ns):         10.000
Sources:            { clk }

Check Type        Corner  Lib Pin             Reference Pin  Required(ns)  Actual(ns)  Slack(ns)  Location      Pin
Min Period        n/a     RAMB36E1/CLKARDCLK  n/a            2.892         10.000      7.108      RAMB36_X0Y3   HEAPSTACK/BRAM_reg_0_10/CLKARDCLK
Min Period        n/a     RAMB36E1/CLKBWRCLK  n/a            2.892         10.000      7.108      RAMB36_X0Y3   HEAPSTACK/BRAM_reg_0_10/CLKBWRCLK
Min Period        n/a     RAMB36E1/CLKARDCLK  n/a            2.892         10.000      7.108      RAMB36_X0Y13  HEAPSTACK/BRAM_reg_0_14/CLKARDCLK
Min Period        n/a     RAMB36E1/CLKBWRCLK  n/a            2.892         10.000      7.108      RAMB36_X0Y13  HEAPSTACK/BRAM_reg_0_14/CLKBWRCLK
Min Period        n/a     RAMB36E1/CLKARDCLK  n/a            2.892         10.000      7.108      RAMB36_X2Y3   HEAPSTACK/BRAM_reg_0_2/CLKARDCLK
Min Period        n/a     RAMB36E1/CLKBWRCLK  n/a            2.892         10.000      7.108      RAMB36_X2Y3   HEAPSTACK/BRAM_reg_0_2/CLKBWRCLK
Min Period        n/a     RAMB36E1/CLKARDCLK  n/a            2.892         10.000      7.108      RAMB36_X1Y11  HEAPSTACK/BRAM_reg_0_6/CLKARDCLK
Min Period        n/a     RAMB36E1/CLKBWRCLK  n/a            2.892         10.000      7.108      RAMB36_X1Y11  HEAPSTACK/BRAM_reg_0_6/CLKBWRCLK
Min Period        n/a     RAMB36E1/CLKARDCLK  n/a            2.892         10.000      7.108      RAMB36_X1Y4   HEAPSTACK/BRAM_reg_1_0/CLKARDCLK
Min Period        n/a     RAMB36E1/CLKBWRCLK  n/a            2.892         10.000      7.108      RAMB36_X1Y4   HEAPSTACK/BRAM_reg_1_0/CLKBWRCLK
Low Pulse Width   Slow    FDRE/C              n/a            0.500         5.000       4.500      SLICE_X35Y13  DFC/counter_reg[13]/C
Low Pulse Width   Slow    FDRE/C              n/a            0.500         5.000       4.500      SLICE_X35Y13  DFC/counter_reg[14]/C
Low Pulse Width   Slow    FDRE/C              n/a            0.500         5.000       4.500      SLICE_X35Y13  DFC/counter_reg[15]/C
Low Pulse Width   Slow    FDRE/C              n/a            0.500         5.000       4.500      SLICE_X30Y15  GPRS/RAM_reg[1][15]/C
Low Pulse Width   Slow    FDRE/C              n/a            0.500         5.000       4.500      SLICE_X11Y19  GPRS/RAM_reg[2][13]/C
Low Pulse Width   Slow    FDRE/C              n/a            0.500         5.000       4.500      SLICE_X35Y14  LCLFAIL_reg_reg/C
Low Pulse Width   Slow    FDRE/C              n/a            0.500         5.000       4.500      SLICE_X29Y16  GPRS/RAM_reg[8][15]/C
Low Pulse Width   Slow    FDRE/C              n/a            0.500         5.000       4.500      SLICE_X52Y18  DFC/mem_addr1_reg_reg[6]/C
Low Pulse Width   Slow    FDRE/C              n/a            0.500         5.000       4.500      SLICE_X50Y23  DFC/mem_addr2_reg_reg[11]/C
Low Pulse Width   Slow    FDRE/C              n/a            0.500         5.000       4.500      SLICE_X48Y24  DFC/mem_addr2_reg_reg[12]/C
High Pulse Width  Slow    FDRE/C              n/a            0.500         5.000       4.500      SLICE_X28Y22  S_reg_reg[9]/C
High Pulse Width  Slow    FDRE/C              n/a            0.500         5.000       4.500      SLICE_X25Y17  UNIFYU/FSM_onehot_cr_state_reg[3]/C
High Pulse Width  Slow    FDRE/C              n/a            0.500         5.000       4.500      SLICE_X25Y17  UNIFYU/FSM_onehot_cr_state_reg[4]/C
High Pulse Width  Slow    FDRE/C              n/a            0.500         5.000       4.500      SLICE_X26Y3   GPRS/RAM_reg[0][0]/C
High Pulse Width  Slow    FDRE/C              n/a            0.500         5.000       4.500      SLICE_X9Y8    GPRS/RAM_reg[0][10]/C
High Pulse Width  Slow    FDRE/C              n/a            0.500         5.000       4.500      SLICE_X10Y10  GPRS/RAM_reg[0][11]/C
High Pulse Width  Slow    FDRE/C              n/a            0.500         5.000       4.500      SLICE_X15Y18  GPRS/RAM_reg[0][12]/C
High Pulse Width  Slow    FDRE/C              n/a            0.500         5.000       4.500      SLICE_X24Y17  GPRS/RAM_reg[0][17]/C
High Pulse Width  Slow    FDRE/C              n/a            0.500         5.000       4.500      SLICE_X41Y21  BINDUNIT/word1_reg_reg[0]/C
High Pulse Width  Slow    FDRE/C              n/a            0.500         5.000       4.500      SLICE_X20Y3   GPRS/RAM_reg[0][1]/C



